"dataset_id","measure","comparison_identity","cohens_dz","stimulus_duration_ms_first","moderator_name","moderator_value","moderator_type","trial_number_max"
"Amodeo_2024_CABN_Exp1","RT_ms","Stranger",1.25011854275872,1000,"stimulus_duration_ms_first",1000,"numeric",NA
"Constable_2019_EPHPP_Exp1","RT_ms","Stranger",1.26362167926832,233,"stimulus_duration_ms_first",233,"numeric",NA
"Constable_2019_EPHPP_Exp2","RT_ms","Stranger",1.29135129797398,233,"stimulus_duration_ms_first",233,"numeric",NA
"Constable_2019_EPHPP_Exp3","RT_ms","Stranger",0.812020839886435,233,"stimulus_duration_ms_first",233,"numeric",NA
"Constable_2019_EPHPP_Exp4","RT_ms","Stranger",0.601071149845607,233,"stimulus_duration_ms_first",233,"numeric",NA
"Constable_2020_CE_Exp1","RT_ms","Stranger",0.912669735788061,233,"stimulus_duration_ms_first",233,"numeric",NA
"Constable_2020_CE_Exp2","RT_ms","Stranger",0.977155342488013,233,"stimulus_duration_ms_first",233,"numeric",NA
"Dalmaso_2024_CC_Exp1","RT_ms","Stranger",1.3981453063734,200,"stimulus_duration_ms_first",200,"numeric",NA
"Dalmaso_2024_CC_Exp2","RT_ms","Stranger",1.38114321942995,200,"stimulus_duration_ms_first",200,"numeric",NA
"Feldborg_2021_ERPH_Exp1","RT_ms","Stranger",0.514398491492956,1500,"stimulus_duration_ms_first",1500,"numeric",NA
"Golubickis_2021_AP_Exp1","RT_ms","Stranger",0.404701005592161,100,"stimulus_duration_ms_first",100,"numeric",NA
"Haciahmet_2023_Psy_Exp1","RT_ms","Stranger",1.65472463985469,100,"stimulus_duration_ms_first",100,"numeric",NA
"Hobbs_2023_PM_Exp1","RT_ms","Stranger",1.13479747579261,100,"stimulus_duration_ms_first",100,"numeric",NA
"Hu_2020_CP_Exp1","RT_ms","Stranger",0.251132214163079,100,"stimulus_duration_ms_first",100,"numeric",NA
"Kirk_2025_BJP_Exp1","RT_ms","Stranger",0.53095548887224,600,"stimulus_duration_ms_first",600,"numeric",NA
"Kirk_2025_BJP_Exp2","RT_ms","Stranger",0.457529673551092,600,"stimulus_duration_ms_first",600,"numeric",NA
"Kolvoort_2020_HBM_Exp1","RT_ms","Stranger",0.262223827053317,100,"stimulus_duration_ms_first",100,"numeric",NA
"Liang_2022_HBM_Exp1","RT_ms","Stranger",1.10071235342058,100,"stimulus_duration_ms_first",100,"numeric",NA
"Liu_2023_CP_Exp1","RT_ms","Stranger",0.430143788066825,800,"stimulus_duration_ms_first",800,"numeric",NA
"Martinez-Perez_2024_CC_Exp2","RT_ms","Stranger",1.76921927642348,100,"stimulus_duration_ms_first",100,"numeric",NA
"Mcivor_2020_EJN_Exp1","RT_ms","Stranger",1.28695588691902,150,"stimulus_duration_ms_first",150,"numeric",NA
"Orellana-Corrales_2021_APP_Exp1","RT_ms","Stranger",-0.024805948,500,"stimulus_duration_ms_first",500,"numeric",NA
"Orellana-Corrales_2021_EP_Exp1","RT_ms","Stranger",-0.060389248,1500,"stimulus_duration_ms_first",1500,"numeric",NA
"Orellana-Corrales_2021_EP_Exp2","RT_ms","Stranger",0.209261589765767,1500,"stimulus_duration_ms_first",1500,"numeric",NA
"Orellana-Corrales_2021_EP_Exp3","RT_ms","Stranger",0.30708310692266,500,"stimulus_duration_ms_first",500,"numeric",NA
"Perrykkad_2022_BMC_Exp1","RT_ms","Stranger",0.984608587130465,100,"stimulus_duration_ms_first",100,"numeric",NA
"Qian_2019_QJEP_Exp1","RT_ms","Stranger",2.19719905490145,100,"stimulus_duration_ms_first",100,"numeric",NA
"Smith_2024_Cortex_Exp1","RT_ms","Stranger",0.792182061927692,100,"stimulus_duration_ms_first",100,"numeric",NA
"Sui_2014_APP_Exp1","RT_ms","Stranger",1.45844578307229,100,"stimulus_duration_ms_first",100,"numeric",NA
"Sui_2014_APP_Exp2","RT_ms","Stranger",1.17673802357036,100,"stimulus_duration_ms_first",100,"numeric",NA
"Sui_2014_APP_Exp3","RT_ms","Stranger",2.50457163654783,100,"stimulus_duration_ms_first",100,"numeric",NA
"Sui_2014_APP_Exp4","RT_ms","Stranger",2.26225325088691,100,"stimulus_duration_ms_first",100,"numeric",NA
"Sui_2023_CC_Exp1","RT_ms","Stranger",2.23574463910725,100,"stimulus_duration_ms_first",100,"numeric",NA
"Vicovaro_2022_EPHPP_Exp1","RT_ms","Stranger",1.02840746446419,100,"stimulus_duration_ms_first",100,"numeric",NA
"Vicovaro_2022_EPHPP_Exp2","RT_ms","Stranger",1.23788738012564,100,"stimulus_duration_ms_first",100,"numeric",NA
"Wang_2016_EPHPP_Exp1","RT_ms","Stranger",1.13136800669651,100,"stimulus_duration_ms_first",100,"numeric",NA
"Wozniak_2018_PLOS_Exp1","RT_ms","Stranger",0.807598043903489,200,"stimulus_duration_ms_first",200,"numeric",NA
"Wozniak_2018_PLOS_Exp2","RT_ms","Stranger",0.71126444632829,200,"stimulus_duration_ms_first",200,"numeric",NA
"Xu_2021_CP_Exp1","RT_ms","Stranger",0.660282555177138,100,"stimulus_duration_ms_first",100,"numeric",NA
"Zhang_2023_NI_Exp1","RT_ms","Stranger",1.29242079852448,100,"stimulus_duration_ms_first",100,"numeric",NA
"Amodeo_2024_CABN_Exp1","ACC","Stranger",0.758816552477541,1000,"stimulus_duration_ms_first",1000,"numeric",NA
"Constable_2019_EPHPP_Exp1","ACC","Stranger",0.766454260477246,233,"stimulus_duration_ms_first",233,"numeric",NA
"Constable_2019_EPHPP_Exp2","ACC","Stranger",0.845637973916444,233,"stimulus_duration_ms_first",233,"numeric",NA
"Constable_2019_EPHPP_Exp3","ACC","Stranger",0.765056752695217,233,"stimulus_duration_ms_first",233,"numeric",NA
"Constable_2019_EPHPP_Exp4","ACC","Stranger",0.665404516349253,233,"stimulus_duration_ms_first",233,"numeric",NA
"Constable_2020_CE_Exp1","ACC","Stranger",0.728641284773687,233,"stimulus_duration_ms_first",233,"numeric",NA
"Constable_2020_CE_Exp2","ACC","Stranger",0.980376786622107,233,"stimulus_duration_ms_first",233,"numeric",NA
"Dalmaso_2024_CC_Exp1","ACC","Stranger",1.4596016399002,200,"stimulus_duration_ms_first",200,"numeric",NA
"Dalmaso_2024_CC_Exp2","ACC","Stranger",1.88647561455603,200,"stimulus_duration_ms_first",200,"numeric",NA
"Feldborg_2021_ERPH_Exp1","ACC","Stranger",0.463157154479646,1500,"stimulus_duration_ms_first",1500,"numeric",NA
"Golubickis_2021_AP_Exp1","ACC","Stranger",0.665400494985475,100,"stimulus_duration_ms_first",100,"numeric",NA
"Haciahmet_2023_Psy_Exp1","ACC","Stranger",1.24169693557907,100,"stimulus_duration_ms_first",100,"numeric",NA
"Hobbs_2023_PM_Exp1","ACC","Stranger",0.681152906811241,100,"stimulus_duration_ms_first",100,"numeric",NA
"Hu_2020_CP_Exp1","ACC","Stranger",0.23963666642115,100,"stimulus_duration_ms_first",100,"numeric",NA
"Kirk_2025_BJP_Exp1","ACC","Stranger",0.571210582565994,600,"stimulus_duration_ms_first",600,"numeric",NA
"Kirk_2025_BJP_Exp2","ACC","Stranger",0.161757972976894,600,"stimulus_duration_ms_first",600,"numeric",NA
"Kolvoort_2020_HBM_Exp1","ACC","Stranger",-0.075922974,100,"stimulus_duration_ms_first",100,"numeric",NA
"Liang_2022_HBM_Exp1","ACC","Stranger",0.913042022442878,100,"stimulus_duration_ms_first",100,"numeric",NA
"Liu_2023_CP_Exp1","ACC","Stranger",0.192224390479512,800,"stimulus_duration_ms_first",800,"numeric",NA
"Martinez-Perez_2024_CC_Exp2","ACC","Stranger",1.22770559557728,100,"stimulus_duration_ms_first",100,"numeric",NA
"Mcivor_2020_EJN_Exp1","ACC","Stranger",1.27461801033946,150,"stimulus_duration_ms_first",150,"numeric",NA
"Orellana-Corrales_2021_APP_Exp1","ACC","Stranger",-0.086192146,500,"stimulus_duration_ms_first",500,"numeric",NA
"Orellana-Corrales_2021_EP_Exp1","ACC","Stranger",0.248586029885925,1500,"stimulus_duration_ms_first",1500,"numeric",NA
"Orellana-Corrales_2021_EP_Exp2","ACC","Stranger",-0.141493313,1500,"stimulus_duration_ms_first",1500,"numeric",NA
"Orellana-Corrales_2021_EP_Exp3","ACC","Stranger",0.156026270667201,500,"stimulus_duration_ms_first",500,"numeric",NA
"Perrykkad_2022_BMC_Exp1","ACC","Stranger",1.10957204687162,100,"stimulus_duration_ms_first",100,"numeric",NA
"Qian_2019_QJEP_Exp1","ACC","Stranger",1.2832889563894,100,"stimulus_duration_ms_first",100,"numeric",NA
"Smith_2024_Cortex_Exp1","ACC","Stranger",0.947827625235668,100,"stimulus_duration_ms_first",100,"numeric",NA
"Sui_2014_APP_Exp1","ACC","Stranger",0.645616452767651,100,"stimulus_duration_ms_first",100,"numeric",NA
"Sui_2014_APP_Exp2","ACC","Stranger",0.299906527735581,100,"stimulus_duration_ms_first",100,"numeric",NA
"Sui_2014_APP_Exp3","ACC","Stranger",1.06254992691473,100,"stimulus_duration_ms_first",100,"numeric",NA
"Sui_2014_APP_Exp4","ACC","Stranger",1.10112312096392,100,"stimulus_duration_ms_first",100,"numeric",NA
"Sui_2023_CC_Exp1","ACC","Stranger",1.64646567818614,100,"stimulus_duration_ms_first",100,"numeric",NA
"Vicovaro_2022_EPHPP_Exp1","ACC","Stranger",0.750625193382417,100,"stimulus_duration_ms_first",100,"numeric",NA
"Vicovaro_2022_EPHPP_Exp2","ACC","Stranger",1.70876210642541,100,"stimulus_duration_ms_first",100,"numeric",NA
"Wang_2016_EPHPP_Exp1","ACC","Stranger",1.35777457363486,100,"stimulus_duration_ms_first",100,"numeric",NA
"Wozniak_2018_PLOS_Exp1","ACC","Stranger",0.425089363177197,200,"stimulus_duration_ms_first",200,"numeric",NA
"Wozniak_2018_PLOS_Exp2","ACC","Stranger",0.400370860588882,200,"stimulus_duration_ms_first",200,"numeric",NA
"Xu_2021_CP_Exp1","ACC","Stranger",0.672534499147711,100,"stimulus_duration_ms_first",100,"numeric",NA
"Zhang_2023_NI_Exp1","ACC","Stranger",0.940304447193711,100,"stimulus_duration_ms_first",100,"numeric",NA
"Amodeo_2024_CABN_Exp1","RT_ms","Stranger",1.25011854275872,NA,"trial_number_max",360,"numeric",360
"Constable_2019_EPHPP_Exp1","RT_ms","Stranger",1.26362167926832,NA,"trial_number_max",288,"numeric",288
"Constable_2019_EPHPP_Exp2","RT_ms","Stranger",1.29135129797398,NA,"trial_number_max",288,"numeric",288
"Constable_2019_EPHPP_Exp3","RT_ms","Stranger",0.812020839886435,NA,"trial_number_max",288,"numeric",288
"Constable_2019_EPHPP_Exp4","RT_ms","Stranger",0.601071149845607,NA,"trial_number_max",640,"numeric",640
"Constable_2020_CE_Exp1","RT_ms","Stranger",0.912669735788061,NA,"trial_number_max",384,"numeric",384
"Constable_2020_CE_Exp2","RT_ms","Stranger",0.977155342488013,NA,"trial_number_max",192,"numeric",192
"Dalmaso_2024_CC_Exp1","RT_ms","Stranger",1.3981453063734,NA,"trial_number_max",360,"numeric",360
"Dalmaso_2024_CC_Exp2","RT_ms","Stranger",1.38114321942995,NA,"trial_number_max",360,"numeric",360
"Feldborg_2021_ERPH_Exp1","RT_ms","Stranger",0.514398491492956,NA,"trial_number_max",320,"numeric",320
"Golubickis_2021_AP_Exp1","RT_ms","Stranger",0.404701005592161,NA,"trial_number_max",360,"numeric",360
"Haciahmet_2023_Psy_Exp1","RT_ms","Stranger",1.65472463985469,NA,"trial_number_max",240,"numeric",240
"Hobbs_2023_PM_Exp1","RT_ms","Stranger",1.13479747579261,NA,"trial_number_max",120,"numeric",120
"Hu_2020_CP_Exp1","RT_ms","Stranger",0.251132214163079,NA,"trial_number_max",144,"numeric",144
"Hu_2023_Exp1","RT_ms","Stranger",0.310715977196504,NA,"trial_number_max",180,"numeric",180
"Kirk_2025_BJP_Exp1","RT_ms","Stranger",0.53095548887224,NA,"trial_number_max",216,"numeric",216
"Kirk_2025_BJP_Exp2","RT_ms","Stranger",0.457529673551092,NA,"trial_number_max",216,"numeric",216
"Kolvoort_2020_HBM_Exp1","RT_ms","Stranger",0.262223827053317,NA,"trial_number_max",100,"numeric",100
"Liang_2022_HBM_Exp1","RT_ms","Stranger",1.10071235342058,NA,"trial_number_max",360,"numeric",360
"Liu_2023_CP_Exp1","RT_ms","Stranger",0.430143788066825,NA,"trial_number_max",64,"numeric",64
"Martinez-Perez_2024_CC_Exp2","RT_ms","Stranger",1.76921927642348,NA,"trial_number_max",240,"numeric",240
"Mcivor_2020_EJN_Exp1","RT_ms","Stranger",1.28695588691902,NA,"trial_number_max",960,"numeric",960
"Navon_2021_Exp1","RT_ms","Stranger",1.40726069101645,NA,"trial_number_max",360,"numeric",360
"Navon_2021_Exp3","RT_ms","Stranger",0.613832948828217,NA,"trial_number_max",360,"numeric",360
"Navon_2021_Exp4","RT_ms","Stranger",0.603843835971544,NA,"trial_number_max",360,"numeric",360
"Orellana-Corrales_2021_APP_Exp1","RT_ms","Stranger",-0.024805948,NA,"trial_number_max",128,"numeric",128
"Orellana-Corrales_2021_EP_Exp1","RT_ms","Stranger",-0.060389248,NA,"trial_number_max",128,"numeric",128
"Orellana-Corrales_2021_EP_Exp2","RT_ms","Stranger",0.209261589765767,NA,"trial_number_max",128,"numeric",128
"Orellana-Corrales_2021_EP_Exp3","RT_ms","Stranger",0.30708310692266,NA,"trial_number_max",240,"numeric",240
"Perrykkad_2022_BMC_Exp1","RT_ms","Stranger",0.984608587130465,NA,"trial_number_max",360,"numeric",360
"Qian_2019_QJEP_Exp1","RT_ms","Stranger",2.19719905490145,NA,"trial_number_max",144,"numeric",144
"Smith_2024_Cortex_Exp1","RT_ms","Stranger",0.792182061927692,NA,"trial_number_max",360,"numeric",360
"Sui_2014_APP_Exp1","RT_ms","Stranger",1.45844578307229,NA,"trial_number_max",360,"numeric",360
"Sui_2014_APP_Exp2","RT_ms","Stranger",1.17673802357036,NA,"trial_number_max",360,"numeric",360
"Sui_2014_APP_Exp3","RT_ms","Stranger",2.50457163654783,NA,"trial_number_max",360,"numeric",360
"Sui_2014_APP_Exp4","RT_ms","Stranger",2.26225325088691,NA,"trial_number_max",360,"numeric",360
"Sui_2023_CC_Exp1","RT_ms","Stranger",2.23574463910725,NA,"trial_number_max",960,"numeric",960
"Vicovaro_2022_EPHPP_Exp1","RT_ms","Stranger",1.02840746446419,NA,"trial_number_max",240,"numeric",240
"Vicovaro_2022_EPHPP_Exp2","RT_ms","Stranger",1.23788738012564,NA,"trial_number_max",240,"numeric",240
"Wang_2016_EPHPP_Exp1","RT_ms","Stranger",1.13136800669651,NA,"trial_number_max",81,"numeric",81
"Wozniak_2018_PLOS_Exp1","RT_ms","Stranger",0.807598043903489,NA,"trial_number_max",84,"numeric",84
"Wozniak_2018_PLOS_Exp2","RT_ms","Stranger",0.71126444632829,NA,"trial_number_max",84,"numeric",84
"Xu_2021_CP_Exp1","RT_ms","Stranger",0.660282555177138,NA,"trial_number_max",360,"numeric",360
"Zhang_2023_NI_Exp1","RT_ms","Stranger",1.29242079852448,NA,"trial_number_max",96,"numeric",96
"Amodeo_2024_CABN_Exp1","ACC","Stranger",0.758816552477541,NA,"trial_number_max",360,"numeric",360
"Constable_2019_EPHPP_Exp1","ACC","Stranger",0.766454260477246,NA,"trial_number_max",288,"numeric",288
"Constable_2019_EPHPP_Exp2","ACC","Stranger",0.845637973916444,NA,"trial_number_max",288,"numeric",288
"Constable_2019_EPHPP_Exp3","ACC","Stranger",0.765056752695217,NA,"trial_number_max",288,"numeric",288
"Constable_2019_EPHPP_Exp4","ACC","Stranger",0.665404516349253,NA,"trial_number_max",640,"numeric",640
"Constable_2020_CE_Exp1","ACC","Stranger",0.728641284773687,NA,"trial_number_max",384,"numeric",384
"Constable_2020_CE_Exp2","ACC","Stranger",0.980376786622107,NA,"trial_number_max",192,"numeric",192
"Dalmaso_2024_CC_Exp1","ACC","Stranger",1.4596016399002,NA,"trial_number_max",360,"numeric",360
"Dalmaso_2024_CC_Exp2","ACC","Stranger",1.88647561455603,NA,"trial_number_max",360,"numeric",360
"Feldborg_2021_ERPH_Exp1","ACC","Stranger",0.463157154479646,NA,"trial_number_max",320,"numeric",320
"Golubickis_2021_AP_Exp1","ACC","Stranger",0.665400494985475,NA,"trial_number_max",360,"numeric",360
"Haciahmet_2023_Psy_Exp1","ACC","Stranger",1.24169693557907,NA,"trial_number_max",240,"numeric",240
"Hobbs_2023_PM_Exp1","ACC","Stranger",0.681152906811241,NA,"trial_number_max",120,"numeric",120
"Hu_2020_CP_Exp1","ACC","Stranger",0.23963666642115,NA,"trial_number_max",144,"numeric",144
"Hu_2023_Exp1","ACC","Stranger",-0.377680228,NA,"trial_number_max",180,"numeric",180
"Kirk_2025_BJP_Exp1","ACC","Stranger",0.571210582565994,NA,"trial_number_max",216,"numeric",216
"Kirk_2025_BJP_Exp2","ACC","Stranger",0.161757972976894,NA,"trial_number_max",216,"numeric",216
"Kolvoort_2020_HBM_Exp1","ACC","Stranger",-0.075922974,NA,"trial_number_max",100,"numeric",100
"Liang_2022_HBM_Exp1","ACC","Stranger",0.913042022442878,NA,"trial_number_max",360,"numeric",360
"Liu_2023_CP_Exp1","ACC","Stranger",0.192224390479512,NA,"trial_number_max",64,"numeric",64
"Martinez-Perez_2024_CC_Exp2","ACC","Stranger",1.22770559557728,NA,"trial_number_max",240,"numeric",240
"Mcivor_2020_EJN_Exp1","ACC","Stranger",1.27461801033946,NA,"trial_number_max",960,"numeric",960
"Navon_2021_Exp1","ACC","Stranger",0.646863595269777,NA,"trial_number_max",360,"numeric",360
"Navon_2021_Exp3","ACC","Stranger",0.55993946529016,NA,"trial_number_max",360,"numeric",360
"Navon_2021_Exp4","ACC","Stranger",0.911120455984224,NA,"trial_number_max",360,"numeric",360
"Orellana-Corrales_2021_APP_Exp1","ACC","Stranger",-0.086192146,NA,"trial_number_max",128,"numeric",128
"Orellana-Corrales_2021_EP_Exp1","ACC","Stranger",0.248586029885925,NA,"trial_number_max",128,"numeric",128
"Orellana-Corrales_2021_EP_Exp2","ACC","Stranger",-0.141493313,NA,"trial_number_max",128,"numeric",128
"Orellana-Corrales_2021_EP_Exp3","ACC","Stranger",0.156026270667201,NA,"trial_number_max",240,"numeric",240
"Perrykkad_2022_BMC_Exp1","ACC","Stranger",1.10957204687162,NA,"trial_number_max",360,"numeric",360
"Qian_2019_QJEP_Exp1","ACC","Stranger",1.2832889563894,NA,"trial_number_max",144,"numeric",144
"Smith_2024_Cortex_Exp1","ACC","Stranger",0.947827625235668,NA,"trial_number_max",360,"numeric",360
"Sui_2014_APP_Exp1","ACC","Stranger",0.645616452767651,NA,"trial_number_max",360,"numeric",360
"Sui_2014_APP_Exp2","ACC","Stranger",0.299906527735581,NA,"trial_number_max",360,"numeric",360
"Sui_2014_APP_Exp3","ACC","Stranger",1.06254992691473,NA,"trial_number_max",360,"numeric",360
"Sui_2014_APP_Exp4","ACC","Stranger",1.10112312096392,NA,"trial_number_max",360,"numeric",360
"Sui_2023_CC_Exp1","ACC","Stranger",1.64646567818614,NA,"trial_number_max",960,"numeric",960
"Vicovaro_2022_EPHPP_Exp1","ACC","Stranger",0.750625193382417,NA,"trial_number_max",240,"numeric",240
"Vicovaro_2022_EPHPP_Exp2","ACC","Stranger",1.70876210642541,NA,"trial_number_max",240,"numeric",240
"Wang_2016_EPHPP_Exp1","ACC","Stranger",1.35777457363486,NA,"trial_number_max",81,"numeric",81
"Wozniak_2018_PLOS_Exp1","ACC","Stranger",0.425089363177197,NA,"trial_number_max",84,"numeric",84
"Wozniak_2018_PLOS_Exp2","ACC","Stranger",0.400370860588882,NA,"trial_number_max",84,"numeric",84
"Xu_2021_CP_Exp1","ACC","Stranger",0.672534499147711,NA,"trial_number_max",360,"numeric",360
"Zhang_2023_NI_Exp1","ACC","Stranger",0.940304447193711,NA,"trial_number_max",96,"numeric",96
