"Subject_ID","Exp_id","Age","Gender","Handedness","Ethnicity","Employment_Status","Country","First_Language","Education","Group"
1,"Orellana-Corrales_2023_QJEP_Exp1",33,"female","left","/","/","Germany","German","/","familiar (words)"
2,"Orellana-Corrales_2023_QJEP_Exp1",32,"male","right","/","/","Germany","German","/","familiar (words)"
3,"Orellana-Corrales_2023_QJEP_Exp1",23,"male","right","/","/","Germany","German","/","familiar (words)"
4,"Orellana-Corrales_2023_QJEP_Exp1",53,"male","right","/","/","Germany","German","/","familiar (words)"
5,"Orellana-Corrales_2023_QJEP_Exp1",26,"male","right","/","/","Germany","German","/","familiar (words)"
6,"Orellana-Corrales_2023_QJEP_Exp1",31,"male","right","/","/","Germany","German","/","familiar (words)"
7,"Orellana-Corrales_2023_QJEP_Exp1",30,"male","right","/","/","Germany","German","/","familiar (words)"
8,"Orellana-Corrales_2023_QJEP_Exp1",45,"female","left","/","/","Germany","German","/","familiar (words)"
9,"Orellana-Corrales_2023_QJEP_Exp1",33,"male","right","/","/","Germany","German","/","familiar (words)"
10,"Orellana-Corrales_2023_QJEP_Exp1",33,"male","right","/","/","Germany","German","/","familiar (words)"
11,"Orellana-Corrales_2023_QJEP_Exp1",19,"male","right","/","/","Germany","German","/","familiar (words)"
12,"Orellana-Corrales_2023_QJEP_Exp1",33,"male","right","/","/","Germany","German","/","familiar (words)"
13,"Orellana-Corrales_2023_QJEP_Exp1",34,"female","right","/","/","Germany","German","/","familiar (words)"
14,"Orellana-Corrales_2023_QJEP_Exp1",27,"male","right","/","/","Germany","German","/","familiar (words)"
15,"Orellana-Corrales_2023_QJEP_Exp1",30,"male","right","/","/","Germany","German","/","familiar (words)"
16,"Orellana-Corrales_2023_QJEP_Exp1",26,"male","right","/","/","Germany","German","/","familiar (words)"
17,"Orellana-Corrales_2023_QJEP_Exp1",31,"male","right","/","/","Germany","German","/","familiar (words)"
18,"Orellana-Corrales_2023_QJEP_Exp1",22,"male","right","/","/","Germany","German","/","familiar (words)"
19,"Orellana-Corrales_2023_QJEP_Exp1",25,"female","right","/","/","Germany","German","/","familiar (words)"
20,"Orellana-Corrales_2023_QJEP_Exp1",28,"female","right","/","/","Germany","German","/","familiar (words)"
21,"Orellana-Corrales_2023_QJEP_Exp1",31,"male","right","/","/","Germany","German","/","familiar (words)"
22,"Orellana-Corrales_2023_QJEP_Exp1",32,"male","right","/","/","Germany","German","/","familiar (words)"
23,"Orellana-Corrales_2023_QJEP_Exp1",24,"female","right","/","/","Germany","German","/","familiar (words)"
24,"Orellana-Corrales_2023_QJEP_Exp1",37,"female","right","/","/","Germany","German","/","familiar (words)"
25,"Orellana-Corrales_2023_QJEP_Exp1",31,"female","left","/","/","Germany","German","/","familiar (words)"
26,"Orellana-Corrales_2023_QJEP_Exp1",31,"male","right","/","/","Germany","German","/","familiar (words)"
27,"Orellana-Corrales_2023_QJEP_Exp1",25,"male","left","/","/","Germany","German","/","familiar (words)"
28,"Orellana-Corrales_2023_QJEP_Exp1",39,"female","right","/","/","Germany","German","/","familiar (words)"
29,"Orellana-Corrales_2023_QJEP_Exp1",24,"male","right","/","/","Germany","German","/","familiar (words)"
30,"Orellana-Corrales_2023_QJEP_Exp1",44,"male","right","/","/","Germany","German","/","familiar (words)"
31,"Orellana-Corrales_2023_QJEP_Exp1",29,"female","right","/","/","Germany","German","/","familiar (words)"
32,"Orellana-Corrales_2023_QJEP_Exp1",25,"male","left","/","/","Germany","German","/","familiar (words)"
33,"Orellana-Corrales_2023_QJEP_Exp1",20,"female","right","/","/","Germany","German","/","familiar (words)"
34,"Orellana-Corrales_2023_QJEP_Exp1",24,"female","left","/","/","Germany","German","/","familiar (words)"
35,"Orellana-Corrales_2023_QJEP_Exp1",25,"male","right","/","/","Germany","German","/","familiar (words)"
36,"Orellana-Corrales_2023_QJEP_Exp1",33,"female","right","/","/","Germany","German","/","familiar (words)"
37,"Orellana-Corrales_2023_QJEP_Exp1",21,"male","right","/","/","Germany","German","/","familiar (words)"
38,"Orellana-Corrales_2023_QJEP_Exp1",25,"male","right","/","/","Germany","German","/","familiar (words)"
39,"Orellana-Corrales_2023_QJEP_Exp1",24,"female","right","/","/","Germany","German","/","familiar (words)"
40,"Orellana-Corrales_2023_QJEP_Exp1",23,"male","right","/","/","Germany","German","/","familiar (words)"
41,"Orellana-Corrales_2023_QJEP_Exp1",NA,"male","left","/","/","Germany","German","/","familiar (words)"
42,"Orellana-Corrales_2023_QJEP_Exp1",26,"female","right","/","/","Germany","German","/","familiar (words)"
43,"Orellana-Corrales_2023_QJEP_Exp1",20,"male","right","/","/","Germany","German","/","familiar (words)"
44,"Orellana-Corrales_2023_QJEP_Exp1",27,"male","right","/","/","Germany","German","/","familiar (words)"
45,"Orellana-Corrales_2023_QJEP_Exp1",27,"female","right","/","/","Germany","German","/","familiar (words)"
46,"Orellana-Corrales_2023_QJEP_Exp1",19,"female","right","/","/","Germany","German","/","familiar (words)"
47,"Orellana-Corrales_2023_QJEP_Exp1",24,"male","right","/","/","Germany","German","/","familiar (words)"
48,"Orellana-Corrales_2023_QJEP_Exp1",21,"female","right","/","/","Germany","German","/","familiar (words)"
49,"Orellana-Corrales_2023_QJEP_Exp1",NA,"female","left","/","/","Germany","German","/","familiar (words)"
50,"Orellana-Corrales_2023_QJEP_Exp1",18,"female","right","/","/","Germany","German","/","familiar (words)"
51,"Orellana-Corrales_2023_QJEP_Exp1",22,"female","right","/","/","Germany","German","/","familiar (words)"
52,"Orellana-Corrales_2023_QJEP_Exp1",19,"male","right","/","/","Germany","German","/","familiar (words)"
53,"Orellana-Corrales_2023_QJEP_Exp1",20,"female","right","/","/","Germany","German","/","familiar (words)"
54,"Orellana-Corrales_2023_QJEP_Exp1",34,"male","left","/","/","Germany","German","/","familiar (words)"
55,"Orellana-Corrales_2023_QJEP_Exp1",26,"male","right","/","/","Germany","German","/","familiar (words)"
56,"Orellana-Corrales_2023_QJEP_Exp1",40,"female","left","/","/","Germany","German","/","familiar (words)"
57,"Orellana-Corrales_2023_QJEP_Exp1",30,"female","right","/","/","Germany","German","/","familiar (words)"
58,"Orellana-Corrales_2023_QJEP_Exp1",23,"male","right","/","/","Germany","German","/","familiar (words)"
59,"Orellana-Corrales_2023_QJEP_Exp1",68,"male","right","/","/","Germany","German","/","familiar (words)"
60,"Orellana-Corrales_2023_QJEP_Exp1",27,"male","right","/","/","Germany","German","/","familiar (words)"
61,"Orellana-Corrales_2023_QJEP_Exp1",29,"male","right","/","/","Germany","German","/","familiar (words)"
62,"Orellana-Corrales_2023_QJEP_Exp1",27,"male","right","/","/","Germany","German","/","familiar (words)"
63,"Orellana-Corrales_2023_QJEP_Exp1",18,"male","right","/","/","Germany","German","/","familiar (words)"
64,"Orellana-Corrales_2023_QJEP_Exp1",28,"male","right","/","/","Germany","German","/","familiar (words)"
65,"Orellana-Corrales_2023_QJEP_Exp1",29,"male","left","/","/","Germany","German","/","familiar (words)"
66,"Orellana-Corrales_2023_QJEP_Exp1",24,"male","right","/","/","Germany","German","/","familiar (words)"
67,"Orellana-Corrales_2023_QJEP_Exp1",21,"male","right","/","/","Germany","German","/","familiar (words)"
68,"Orellana-Corrales_2023_QJEP_Exp1",28,"male","right","/","/","Germany","German","/","familiar (words)"
69,"Orellana-Corrales_2023_QJEP_Exp1",37,"male","right","/","/","Germany","German","/","familiar (words)"
70,"Orellana-Corrales_2023_QJEP_Exp1",28,"female","left","/","/","Germany","German","/","familiar (words)"
71,"Orellana-Corrales_2023_QJEP_Exp1",25,"male","right","/","/","Germany","German","/","familiar (words)"
72,"Orellana-Corrales_2023_QJEP_Exp1",30,"male","right","/","/","Germany","German","/","new (shapes)"
73,"Orellana-Corrales_2023_QJEP_Exp1",35,"male","right","/","/","Germany","German","/","new (shapes)"
74,"Orellana-Corrales_2023_QJEP_Exp1",27,"male","right","/","/","Germany","German","/","new (shapes)"
75,"Orellana-Corrales_2023_QJEP_Exp1",26,"female","right","/","/","Germany","German","/","new (shapes)"
76,"Orellana-Corrales_2023_QJEP_Exp1",26,"female","right","/","/","Germany","German","/","new (shapes)"
77,"Orellana-Corrales_2023_QJEP_Exp1",30,"female","right","/","/","Germany","German","/","new (shapes)"
78,"Orellana-Corrales_2023_QJEP_Exp1",19,"male","right","/","/","Germany","German","/","new (shapes)"
79,"Orellana-Corrales_2023_QJEP_Exp1",20,"male","right","/","/","Germany","German","/","new (shapes)"
80,"Orellana-Corrales_2023_QJEP_Exp1",31,"male","right","/","/","Germany","German","/","new (shapes)"
81,"Orellana-Corrales_2023_QJEP_Exp1",21,"male","right","/","/","Germany","German","/","new (shapes)"
82,"Orellana-Corrales_2023_QJEP_Exp1",20,"male","left","/","/","Germany","German","/","new (shapes)"
83,"Orellana-Corrales_2023_QJEP_Exp1",21,"male","left","/","/","Germany","German","/","new (shapes)"
84,"Orellana-Corrales_2023_QJEP_Exp1",46,"male","right","/","/","Germany","German","/","new (shapes)"
85,"Orellana-Corrales_2023_QJEP_Exp1",27,"male","right","/","/","Germany","German","/","new (shapes)"
86,"Orellana-Corrales_2023_QJEP_Exp1",52,"male","right","/","/","Germany","German","/","new (shapes)"
87,"Orellana-Corrales_2023_QJEP_Exp1",33,"male","right","/","/","Germany","German","/","new (shapes)"
88,"Orellana-Corrales_2023_QJEP_Exp1",22,"female","right","/","/","Germany","German","/","new (shapes)"
89,"Orellana-Corrales_2023_QJEP_Exp1",23,"female","right","/","/","Germany","German","/","new (shapes)"
90,"Orellana-Corrales_2023_QJEP_Exp1",27,"male","right","/","/","Germany","German","/","new (shapes)"
91,"Orellana-Corrales_2023_QJEP_Exp1",22,"male","right","/","/","Germany","German","/","new (shapes)"
92,"Orellana-Corrales_2023_QJEP_Exp1",22,"male","right","/","/","Germany","German","/","new (shapes)"
93,"Orellana-Corrales_2023_QJEP_Exp1",31,"male","right","/","/","Germany","German","/","new (shapes)"
94,"Orellana-Corrales_2023_QJEP_Exp1",24,"male","right","/","/","Germany","German","/","new (shapes)"
95,"Orellana-Corrales_2023_QJEP_Exp1",20,"male","left","/","/","Germany","German","/","new (shapes)"
96,"Orellana-Corrales_2023_QJEP_Exp1",66,"female","right","/","/","Germany","German","/","new (shapes)"
97,"Orellana-Corrales_2023_QJEP_Exp1",43,"male","right","/","/","Germany","German","/","new (shapes)"
98,"Orellana-Corrales_2023_QJEP_Exp1",27,"female","right","/","/","Germany","German","/","new (shapes)"
99,"Orellana-Corrales_2023_QJEP_Exp1",23,"male","left","/","/","Germany","German","/","new (shapes)"
100,"Orellana-Corrales_2023_QJEP_Exp1",18,"female","right","/","/","Germany","German","/","new (shapes)"
101,"Orellana-Corrales_2023_QJEP_Exp1",20,"male","right","/","/","Germany","German","/","new (shapes)"
102,"Orellana-Corrales_2023_QJEP_Exp1",19,"male","left","/","/","Germany","German","/","new (shapes)"
103,"Orellana-Corrales_2023_QJEP_Exp1",21,"male","left","/","/","Germany","German","/","new (shapes)"
104,"Orellana-Corrales_2023_QJEP_Exp1",21,"female","right","/","/","Germany","German","/","new (shapes)"
105,"Orellana-Corrales_2023_QJEP_Exp1",45,"male","right","/","/","Germany","German","/","new (shapes)"
106,"Orellana-Corrales_2023_QJEP_Exp1",25,"female","right","/","/","Germany","German","/","new (shapes)"
107,"Orellana-Corrales_2023_QJEP_Exp1",23,"female","right","/","/","Germany","German","/","new (shapes)"
108,"Orellana-Corrales_2023_QJEP_Exp1",61,"female","right","/","/","Germany","German","/","new (shapes)"
109,"Orellana-Corrales_2023_QJEP_Exp1",68,"female","both","/","/","Germany","German","/","new (shapes)"
110,"Orellana-Corrales_2023_QJEP_Exp1",28,"male","right","/","/","Germany","German","/","new (shapes)"
111,"Orellana-Corrales_2023_QJEP_Exp1",27,"female","right","/","/","Germany","German","/","new (shapes)"
112,"Orellana-Corrales_2023_QJEP_Exp1",30,"female","left","/","/","Germany","German","/","new (shapes)"
113,"Orellana-Corrales_2023_QJEP_Exp1",30,"male","right","/","/","Germany","German","/","new (shapes)"
114,"Orellana-Corrales_2023_QJEP_Exp1",36,"male","right","/","/","Germany","German","/","new (shapes)"
115,"Orellana-Corrales_2023_QJEP_Exp1",23,"female","right","/","/","Germany","German","/","new (shapes)"
116,"Orellana-Corrales_2023_QJEP_Exp1",19,"male","right","/","/","Germany","German","/","new (shapes)"
117,"Orellana-Corrales_2023_QJEP_Exp1",40,"male","right","/","/","Germany","German","/","new (shapes)"
118,"Orellana-Corrales_2023_QJEP_Exp1",20,"male","right","/","/","Germany","German","/","new (shapes)"
119,"Orellana-Corrales_2023_QJEP_Exp1",59,"female","both","/","/","Germany","German","/","new (shapes)"
120,"Orellana-Corrales_2023_QJEP_Exp1",38,"female","right","/","/","Germany","German","/","new (shapes)"
121,"Orellana-Corrales_2023_QJEP_Exp1",NA,"male","left","/","/","Germany","German","/","new (shapes)"
122,"Orellana-Corrales_2023_QJEP_Exp1",35,"male","right","/","/","Germany","German","/","new (shapes)"
123,"Orellana-Corrales_2023_QJEP_Exp1",26,"female","right","/","/","Germany","German","/","new (shapes)"
124,"Orellana-Corrales_2023_QJEP_Exp1",49,"female","right","/","/","Germany","German","/","new (shapes)"
125,"Orellana-Corrales_2023_QJEP_Exp1",30,"female","right","/","/","Germany","German","/","new (shapes)"
126,"Orellana-Corrales_2023_QJEP_Exp1",33,"male","right","/","/","Germany","German","/","new (shapes)"
127,"Orellana-Corrales_2023_QJEP_Exp1",23,"male","right","/","/","Germany","German","/","new (shapes)"
128,"Orellana-Corrales_2023_QJEP_Exp1",36,"male","left","/","/","Germany","German","/","new (shapes)"
129,"Orellana-Corrales_2023_QJEP_Exp1",18,"male","right","/","/","Germany","German","/","new (shapes)"
130,"Orellana-Corrales_2023_QJEP_Exp1",23,"male","right","/","/","Germany","German","/","new (shapes)"
131,"Orellana-Corrales_2023_QJEP_Exp1",43,"male","right","/","/","Germany","German","/","new (shapes)"
132,"Orellana-Corrales_2023_QJEP_Exp1",30,"male","right","/","/","Germany","German","/","new (shapes)"
133,"Orellana-Corrales_2023_QJEP_Exp1",32,"female","right","/","/","Germany","German","/","new (shapes)"
134,"Orellana-Corrales_2023_QJEP_Exp1",22,"male","right","/","/","Germany","German","/","new (shapes)"
135,"Orellana-Corrales_2023_QJEP_Exp1",26,"male","right","/","/","Germany","German","/","new (shapes)"
136,"Orellana-Corrales_2023_QJEP_Exp1",28,"female","right","/","/","Germany","German","/","new (shapes)"
