"Subject_ID","Exp_id","Age","Gender"
1,"Svensson_2022_PsychRes_Exp1","/","/"
2,"Svensson_2022_PsychRes_Exp1","/","/"
3,"Svensson_2022_PsychRes_Exp1","/","/"
4,"Svensson_2022_PsychRes_Exp1","/","/"
5,"Svensson_2022_PsychRes_Exp1","/","/"
6,"Svensson_2022_PsychRes_Exp1","/","/"
7,"Svensson_2022_PsychRes_Exp1","/","/"
8,"Svensson_2022_PsychRes_Exp1","/","/"
9,"Svensson_2022_PsychRes_Exp1","/","/"
10,"Svensson_2022_PsychRes_Exp1","/","/"
11,"Svensson_2022_PsychRes_Exp1","/","/"
12,"Svensson_2022_PsychRes_Exp1","/","/"
13,"Svensson_2022_PsychRes_Exp1","/","/"
14,"Svensson_2022_PsychRes_Exp1","/","/"
15,"Svensson_2022_PsychRes_Exp1","/","/"
16,"Svensson_2022_PsychRes_Exp1","/","/"
17,"Svensson_2022_PsychRes_Exp1","/","/"
18,"Svensson_2022_PsychRes_Exp1","/","/"
19,"Svensson_2022_PsychRes_Exp1","/","/"
20,"Svensson_2022_PsychRes_Exp1","/","/"
