SampleSize,Mean_d,CI_lower,CI_upper,Identity
10,0.007928364948557207,-0.1928223452025766,0.1876889062814011,Shape
20,0.0024346651640207106,-0.13934530226601022,0.1410003040493305,Shape
30,0.006851030629040073,-0.10426282125933306,0.11561294925358812,Shape
40,0.006071519880255359,-0.08337674228210128,0.10108387319527604,Shape
50,0.005790174542360195,-0.07819313986562018,0.0945570408933921,Shape
60,0.0066354491640119055,-0.0706461633748703,0.09114894606680661,Shape
70,0.008429059231992525,-0.057971385821556864,0.07594261076362815,Shape
80,0.0032249474303642717,-0.05774309122331704,0.07219399232685669,Shape
90,0.005847008005942555,-0.0594197756267244,0.07548178897981064,Shape
100,0.006256337737082414,-0.05299106973533084,0.07034231648939715,Shape
110,0.006317072662113076,-0.04786130047883704,0.058680750789182425,Shape
120,0.0069321972852598125,-0.05268786806977185,0.06133003881211956,Shape
130,0.004344840044908789,-0.04867093287377691,0.05787522168966481,Shape
140,0.005421141216369313,-0.04549189369584449,0.054627231019582015,Shape
150,0.006797291975374371,-0.0405088041196739,0.06364070244442897,Shape
160,0.007086972490102779,-0.03994987825645596,0.056434397863896084,Shape
170,0.007789786629337753,-0.03934103504004174,0.055276348990174126,Shape
180,0.005207270490270822,-0.03925781376519462,0.05956379395883392,Shape
190,0.006475528104212829,-0.04017519058797373,0.05121701524513212,Shape
200,0.004113781351622297,-0.040520857227011625,0.049993042951018404,Shape
210,0.004595482805606976,-0.038356322676830555,0.04878640740156134,Shape
220,0.004788482420485803,-0.03750481840423616,0.046448428820197625,Shape
230,0.005303335546449415,-0.03329198341558845,0.0472108757438024,Shape
240,0.005358096215102019,-0.03249565802151512,0.043091552869569186,Shape
250,0.005564465020030844,-0.03300859175438992,0.042022346939419364,Shape
260,0.00501103855198914,-0.03253248395922853,0.040125354481284826,Shape
270,0.0068263937440790024,-0.03039281780372143,0.04353064060758638,Shape
280,0.005927266697615162,-0.03392749298105146,0.04428476135073325,Shape
290,0.0051533678835035575,-0.030751417677553596,0.04317504951790568,Shape
300,0.004528803760794314,-0.02501763154112704,0.040721053444867275,Shape
310,0.005544804632872552,-0.030190147616549357,0.04066035467822161,Shape
320,0.005493782992651712,-0.028648922990084976,0.0379740374689782,Shape
330,0.00556252516545163,-0.03008798238234309,0.03971293852908869,Shape
340,0.005216588700186211,-0.026219097756261175,0.03703953604313261,Shape
350,0.006644761141893173,-0.02651462548680382,0.04022532527176567,Shape
360,0.006083633706670961,-0.024928334808495135,0.03664166972103011,Shape
370,0.005114959151340921,-0.025813254509147794,0.03687331812857515,Shape
380,0.005143418894504413,-0.027016609130378455,0.035941644304311786,Shape
390,0.003973634840786053,-0.026574857496521824,0.03454760849191935,Shape
400,0.005349398919073806,-0.02703512752669386,0.0374375001498156,Shape
410,0.005239464505808682,-0.02335565310221123,0.034564656355925046,Shape
420,0.00529247620273911,-0.024092530454845742,0.03660722610123554,Shape
430,0.006501672834951323,-0.024485775419265863,0.034528891752884205,Shape
440,0.005250604153478662,-0.024781494880203127,0.03384969363087249,Shape
450,0.004751828356543598,-0.023957595968141805,0.0339631487383311,Shape
460,0.006370802190131721,-0.022325770980708124,0.034033821070007984,Shape
470,0.005008127658010947,-0.022076112057832935,0.03354204505391972,Shape
480,0.004853493035837174,-0.024826354017834916,0.03588751989246139,Shape
490,0.004695415569172942,-0.02244862334607812,0.030167538104083784,Shape
500,0.006475416973384592,-0.0220514534108623,0.03369127473164599,Shape
510,0.0061539573930911706,-0.018510384676196878,0.03366043507624995,Shape
520,0.0062538943586122496,-0.021287935972470418,0.033005720953053354,Shape
530,0.004885176257252345,-0.023596245181218813,0.034168637537311045,Shape
540,0.0057219816856953955,-0.01982222416709165,0.03118929071696458,Shape
550,0.0059273498913739115,-0.019968718771346056,0.0337987505111194,Shape
560,0.0055720707021985165,-0.019927010928240087,0.0313944346393694,Shape
570,0.005839560285777461,-0.021943086272149463,0.02851169339862815,Shape
580,0.005279372316425375,-0.021093156589655212,0.03129678062695563,Shape
590,0.004383191918586075,-0.021252114943981527,0.02847456575696745,Shape
600,0.004699290129343082,-0.020686476346211072,0.028921165425290607,Shape
610,0.0047599026799247865,-0.017509254891505843,0.028302219348492648,Shape
620,0.005212275137829105,-0.020196549840528998,0.03304774900333775,Shape
630,0.006265001077630286,-0.018092997042640602,0.030613612021226064,Shape
640,0.005793168295764527,-0.019757552557563465,0.028983445182024285,Shape
650,0.005424837239537978,-0.021550618432203565,0.03077056593782338,Shape
660,0.005260790857007157,-0.01834023582405694,0.02810441066484231,Shape
670,0.0051432149478928685,-0.01919072408704033,0.030410631173886104,Shape
680,0.005840704017965819,-0.01692888708799394,0.029570735826442263,Shape
690,0.005232163614745063,-0.017723784405492656,0.02829835785782214,Shape
700,0.005169618044630645,-0.019008460662461923,0.02709417276463151,Shape
710,0.0058615983359774585,-0.01658691512525052,0.02986369831239982,Shape
720,0.004496825620395361,-0.018613713644975726,0.02653881770371126,Shape
730,0.005991709347838223,-0.019352376762564367,0.03040719367404299,Shape
740,0.005382620348486607,-0.01604110976844167,0.02760907508876012,Shape
750,0.005236087082000475,-0.017274908693010058,0.025830353262951043,Shape
760,0.006622506223061621,-0.01693050351469338,0.030176923912843347,Shape
770,0.006360579494361925,-0.014053762519692627,0.027183694640347273,Shape
780,0.005154999105437256,-0.016700715743222964,0.025863045604718738,Shape
790,0.005048948622726757,-0.01931281454841935,0.02869730943449362,Shape
800,0.006004092638812733,-0.018489215098593824,0.026685028390845744,Shape
810,0.005288617149624043,-0.016126291674006067,0.026849955606147686,Shape
820,0.005585171683778441,-0.016975640521907594,0.025916356383740864,Shape
830,0.005774340692011224,-0.015127213607218352,0.026891463557538534,Shape
840,0.005164656256203106,-0.016184332459973735,0.02696739828312768,Shape
850,0.00565287708736899,-0.01436226402072558,0.026728953323703706,Shape
860,0.004885383144550861,-0.015331347766316441,0.02564017882088245,Shape
870,0.0046589974660510266,-0.01799188885823802,0.02490490445117615,Shape
880,0.005525813017420246,-0.015297451253642723,0.028615899302009865,Shape
890,0.006030343536796201,-0.01259256478188979,0.02387658790355704,Shape
900,0.00555454485014765,-0.01504036290708591,0.02566400244639398,Shape
910,0.00587067099209567,-0.013414664676231066,0.026110829632016826,Shape
920,0.005321686557195829,-0.014971642435252175,0.02323741372172811,Shape
930,0.006562887566358419,-0.013862635964371652,0.025291373977632346,Shape
940,0.005618769007575243,-0.01642733809355258,0.025411760170094843,Shape
950,0.004817496652684067,-0.01329353184563249,0.02501770409970388,Shape
960,0.005805952877526701,-0.014286585195431533,0.024741703106251067,Shape
964,0.005239887043536802,-0.015274306618379613,0.02504483815964879,Shape
10,0.15687455172891687,-0.04076311150754218,0.3437711845459708,Label
20,0.16317266796348764,0.023655741726624498,0.30836483105534557,Label
30,0.16373352288841717,0.05570760915103569,0.2672211148375218,Label
40,0.1609675313702538,0.061179167466360034,0.2580237092737435,Label
50,0.15974118169132862,0.07388525622725077,0.2511645101025807,Label
60,0.1634966958600267,0.07163628943655485,0.24538764319796558,Label
70,0.16091243935201588,0.08734321354325371,0.23550244369001505,Label
80,0.16001041039218247,0.09244347532574096,0.2299675676794037,Label
90,0.15928148546964327,0.09783533400794646,0.2273003460610262,Label
100,0.15914226387197805,0.09012744479165305,0.2233402800084668,Label
110,0.16029000062679513,0.10002977232130984,0.2253091819766494,Label
120,0.15863199558503938,0.10483845159784058,0.21238358691229198,Label
130,0.1601415459977352,0.10848609866660613,0.21521101934667838,Label
140,0.16148779031076824,0.11180039562911383,0.21593179858315414,Label
150,0.16066911598815636,0.11207667779591785,0.20695221953771,Label
160,0.1606273955124302,0.11029005983252557,0.2055928778315646,Label
170,0.16127060807755145,0.114192063059212,0.20811950596134732,Label
180,0.1609677327633744,0.11415232333512795,0.2033850071661241,Label
190,0.15981601431336181,0.11521148341470151,0.20519854741428667,Label
200,0.1609529512640095,0.11510538782761648,0.2096416754057139,Label
210,0.15979587239152004,0.11954993526498135,0.19908087833264207,Label
220,0.16018181799310155,0.11887193183864012,0.20118293374051216,Label
230,0.16026469456838469,0.1178098118709946,0.19798126200528493,Label
240,0.16051260257390962,0.11974418099535032,0.2067904779298896,Label
250,0.16128369991538585,0.1199146600213489,0.1992349543281729,Label
260,0.16055247332100311,0.12609479043709534,0.19963621950625068,Label
270,0.16169602682296325,0.12579021938884355,0.197320197739011,Label
280,0.16051129716509568,0.12469639262427294,0.1930150936670509,Label
290,0.15926745769414946,0.12452643161941475,0.197071632154207,Label
300,0.16019724339524022,0.1235775236835043,0.1925538484152303,Label
310,0.16120228913126977,0.1246916076819473,0.19414984364381335,Label
320,0.16059105226606538,0.12525110532253136,0.19485094224375743,Label
330,0.16092488074974254,0.12726922996666884,0.19129825841596232,Label
340,0.16075867505405175,0.12476757760218303,0.18997268508318946,Label
350,0.16013763057182975,0.12726222591233383,0.18888201504639013,Label
360,0.1613070674663206,0.1305107052044987,0.19275078222352016,Label
370,0.16051991239769495,0.1263881818706007,0.19324212968861815,Label
380,0.16016882987697376,0.1282905172502097,0.19086796581561208,Label
390,0.15960946541445262,0.1272611801760521,0.19028705644835875,Label
400,0.1604592469936598,0.12707633132192028,0.19083800662119552,Label
410,0.15909050877955075,0.12778422694357144,0.18901813130466902,Label
420,0.16028181999758664,0.12981914330010813,0.18695527383412147,Label
430,0.15970910942751443,0.13153442073343669,0.1883288585951267,Label
440,0.1605125639538503,0.1311696752347419,0.1889451977389085,Label
450,0.16141224487661446,0.13208534840714128,0.18998139287659013,Label
460,0.159479520710285,0.129499309616733,0.18786316669742215,Label
470,0.15983609445312982,0.1335675698273963,0.1890338815544669,Label
480,0.16018283522276708,0.13248732951759543,0.1884246061938317,Label
490,0.15954107716394203,0.13420983677400738,0.18532653655744225,Label
500,0.1597863424101408,0.13234819930914984,0.18796896241654798,Label
510,0.16132858173135917,0.13254127125437848,0.18714105286379554,Label
520,0.16043414310211088,0.13233825871545027,0.1863933252383575,Label
530,0.16052779986350524,0.13384912232042778,0.1887991602737333,Label
540,0.16046833985297115,0.13624313269920027,0.18789123201098162,Label
550,0.1607066211572806,0.1366166390568388,0.1852532615769005,Label
560,0.1603502064084294,0.1350473573820399,0.1842187006081576,Label
570,0.16068463957261775,0.13140054917949723,0.1872753461857786,Label
580,0.16013438150697887,0.13531305076915726,0.1856573549440275,Label
590,0.16056321463453999,0.1367311848418403,0.18494158176965164,Label
600,0.16012027385247932,0.13688465348178744,0.1836522417588064,Label
610,0.16164033211921644,0.13808473096092466,0.1851164956080169,Label
620,0.1595366174265273,0.13567067650224046,0.18593446128915478,Label
630,0.16066808569297103,0.13709889761991398,0.18449300771478466,Label
640,0.16050051976372334,0.13707355275470026,0.18405218470242646,Label
650,0.16129561064880413,0.13920427383987488,0.1854542356470452,Label
660,0.15960723350976183,0.13715396789822723,0.18334030085408692,Label
670,0.16045860713689136,0.13659032212804206,0.18303860046604897,Label
680,0.16002680040422673,0.13620507217802438,0.1845488747877638,Label
690,0.16011904069273122,0.13623230337323297,0.1814210699672762,Label
700,0.1599976021299151,0.1395216016491488,0.18397323184959602,Label
710,0.1615863010641259,0.13797132361195039,0.18567234164059895,Label
720,0.15914934637922565,0.13537438869056412,0.1836723610008172,Label
730,0.1602599928145503,0.1366033778386571,0.18210385567563458,Label
740,0.1602665781308781,0.13872315493248819,0.183802388602602,Label
750,0.1606310474281758,0.13843038291997956,0.18330071254608635,Label
760,0.16152436661761566,0.13930364417904403,0.18345728798491068,Label
770,0.16032826115479343,0.13865591193087567,0.18229630875976657,Label
780,0.1601242111226507,0.13815497475805563,0.18076780096102776,Label
790,0.15950587098531652,0.13558875762297173,0.18197716902754546,Label
800,0.1602212964161407,0.13859864937216773,0.18138971885865454,Label
810,0.16126566978691742,0.13954501668674044,0.18218389425239873,Label
813,0.160589422344335,0.13754613579481312,0.18519608309478033,Label
