Sample_Size,Mean_Cohens_d,SD_Cohens_d,CI_lower,CI_upper,n_bootstrap,Filtering,Baseline
10,0.1272904706708433,0.11481893006537529,-0.07338056835166182,0.3691095681586632,1000,Strict,Shape
20,0.12442133520497403,0.07792341497457696,-0.01904756533564998,0.28213307864194176,1000,Strict,Shape
30,0.12668080762664366,0.06571346539602821,-0.001479963885101461,0.2498843570423675,1000,Strict,Shape
40,0.12397478798471256,0.056216015622653076,0.021915313571518942,0.23754548249944438,1000,Strict,Shape
50,0.12511275782198938,0.04803939770650834,0.03759783647968474,0.22809287666280403,1000,Strict,Shape
60,0.12342771869811203,0.047723435029502895,0.028535583946959434,0.2133228563247657,1000,Strict,Shape
70,0.12714979550695527,0.04337089889879689,0.042388331717462674,0.21176809508194203,1000,Strict,Shape
80,0.12494172760884723,0.041397615996626655,0.04636785888886472,0.20510217937872732,1000,Strict,Shape
90,0.12608782265151042,0.03806541731016239,0.05417115806057486,0.20034085416909278,1000,Strict,Shape
100,0.12328152647558968,0.038173525044367294,0.04810391933639959,0.19623603753891283,1000,Strict,Shape
110,0.12458903443788447,0.033759371260575544,0.05704255751113305,0.19268997219834696,1000,Strict,Shape
120,0.1267039533758288,0.031040338608782612,0.0692582102792247,0.1904823691692257,1000,Strict,Shape
130,0.1250502094520383,0.0316172237303862,0.06319498072176938,0.18748397547969234,1000,Strict,Shape
140,0.12472037677796424,0.029958338529121,0.06277824255330904,0.18225937123161992,1000,Strict,Shape
150,0.12486223166037728,0.029964842441676118,0.06665523914725564,0.1830146776466034,1000,Strict,Shape
160,0.12726127259881284,0.028060707955021538,0.07285522470228772,0.18506089798642406,1000,Strict,Shape
170,0.12554420571147373,0.02728034844561948,0.0728136206762528,0.17789633585358217,1000,Strict,Shape
180,0.12507589988478077,0.026248569170898912,0.07473390239560823,0.17855495646856862,1000,Strict,Shape
190,0.12429839427795944,0.026401659254555548,0.07291851226664485,0.17774446129999766,1000,Strict,Shape
200,0.12480084725371028,0.025286488688551944,0.07333872437914671,0.17625418737395324,1000,Strict,Shape
210,0.1257982538928833,0.02530886664703512,0.0770628797785489,0.1753585050737244,1000,Strict,Shape
220,0.12511345170832283,0.024112497310565275,0.07965211632967178,0.17446700842683763,1000,Strict,Shape
230,0.12515894815582984,0.02240638349737981,0.08186406141099317,0.16699840337421643,1000,Strict,Shape
240,0.12459602110529405,0.02308993730947426,0.07851673549298814,0.1690779395766426,1000,Strict,Shape
250,0.12703849815288656,0.023572826242320488,0.08227627770054924,0.17245091296035736,1000,Strict,Shape
260,0.12430990385295777,0.02261992679543481,0.07979477803161059,0.16785567324508394,1000,Strict,Shape
270,0.12562575717431115,0.021304994471169354,0.08301979197028021,0.16678434089851457,1000,Strict,Shape
280,0.12594984680670845,0.022711946276132156,0.08239563612003807,0.1710412486240287,1000,Strict,Shape
290,0.12628640951679618,0.02068724668042095,0.0846240123103454,0.1663068809338608,1000,Strict,Shape
300,0.12546297398149664,0.020789103352661164,0.08566125548571478,0.16625098842934183,1000,Strict,Shape
310,0.12535544061857673,0.020262213508293693,0.08740840334584545,0.1659228664982803,1000,Strict,Shape
320,0.1255032676464185,0.02140496084374855,0.08461983442247427,0.16882891369883363,1000,Strict,Shape
330,0.12481100420388697,0.020935481132754733,0.08300853414988918,0.16372705264856077,1000,Strict,Shape
340,0.12598390288937455,0.019461039297591017,0.08772859816705121,0.16415424547899135,1000,Strict,Shape
350,0.12609797512033105,0.01988094082668112,0.08798429898348337,0.16527795007579116,1000,Strict,Shape
360,0.1250647127869242,0.018359241971664858,0.08958831313680499,0.16115816429590346,1000,Strict,Shape
370,0.12526204007857958,0.018740069331235214,0.0869790557360018,0.16118915709363316,1000,Strict,Shape
380,0.125682458221773,0.01820008431309064,0.09121460868272813,0.16252381846180147,1000,Strict,Shape
390,0.12631168557082387,0.018155270153262314,0.08841598479962666,0.16125113735726368,1000,Strict,Shape
400,0.12461190019286815,0.01805432711345008,0.09145261961262469,0.16199631314870888,1000,Strict,Shape
410,0.12572881996932964,0.01814643336648126,0.09237893881533132,0.16231710013204442,1000,Strict,Shape
420,0.12565370373406137,0.018425906666762377,0.08784685942944334,0.16023194859713116,1000,Strict,Shape
430,0.12528797615399948,0.016856327056225123,0.09163252251347667,0.15917889770808435,1000,Strict,Shape
440,0.12471163762012302,0.016868700540702095,0.08944412943972284,0.15698948648095395,1000,Strict,Shape
450,0.1250520740987257,0.017183461894990665,0.09297768745822818,0.16186772976288413,1000,Strict,Shape
460,0.1256168687690838,0.017520482940348657,0.09145593767836799,0.15670960226836742,1000,Strict,Shape
470,0.12534741934572377,0.01686418078949538,0.09306267196289225,0.1578507912176616,1000,Strict,Shape
480,0.1259062010057172,0.01643821018204941,0.09426456316340551,0.1609550961106839,1000,Strict,Shape
490,0.12479578814253603,0.016389622588008714,0.09315060517254832,0.1572588691010946,1000,Strict,Shape
500,0.125195504702103,0.016321895557236232,0.09494574012074108,0.15769823961492063,1000,Strict,Shape
510,0.12483089708708314,0.016058429128971208,0.09313173660996588,0.15621017733228523,1000,Strict,Shape
520,0.12468354167463286,0.015647227887411158,0.09284653780949859,0.15370589815209393,1000,Strict,Shape
530,0.12445273429281556,0.015623041874468387,0.09441641240614276,0.15492287161142088,1000,Strict,Shape
540,0.12593232561678505,0.016055900904753787,0.094691279446995,0.15729684072650726,1000,Strict,Shape
550,0.12525780233637918,0.015551356017551974,0.09533629103983622,0.15600798196611684,1000,Strict,Shape
560,0.12564099859560365,0.015002813700823655,0.09638115106626573,0.15363894461742897,1000,Strict,Shape
570,0.12515142263928966,0.014795332319925018,0.09776489858284056,0.15476499558440054,1000,Strict,Shape
580,0.125297681872336,0.014777013472904792,0.09677342357317512,0.15511353698987837,1000,Strict,Shape
590,0.1250771050779107,0.015391756606586286,0.09516920566356182,0.15345730628165258,1000,Strict,Shape
600,0.1256744710341253,0.015058010869469816,0.0964847033407345,0.1544615199692915,1000,Strict,Shape
610,0.12492661547375346,0.01505403142863456,0.0950327946901716,0.15515188638664526,1000,Strict,Shape
620,0.12468242827163936,0.014041046125874484,0.09722736998453438,0.15218737148302947,1000,Strict,Shape
630,0.12547432084285612,0.014215595657642464,0.09654758872089124,0.1540804813823149,1000,Strict,Shape
640,0.12561674619703983,0.014389210496457912,0.0981169290529186,0.15319688075210128,1000,Strict,Shape
650,0.12483778830504445,0.013954141846188994,0.09691564363902344,0.15218728812140453,1000,Strict,Shape
660,0.1255783691549138,0.01373120240192086,0.09931664694635105,0.15333558638844785,1000,Strict,Shape
670,0.12495576614794864,0.013920038399614086,0.09838364923040717,0.15233374012065423,1000,Strict,Shape
680,0.1253099813574668,0.013956940877811125,0.09725548527720343,0.15316277140759227,1000,Strict,Shape
690,0.12507169398855164,0.013730926773136795,0.09685921889261334,0.15146709893354024,1000,Strict,Shape
700,0.12526492614803583,0.013560048699194438,0.09864270354978191,0.15203627790679575,1000,Strict,Shape
710,0.1253667384411216,0.0138940077933298,0.09922785215313391,0.15310038560683364,1000,Strict,Shape
720,0.12498104872303137,0.013514115685991012,0.0986718233595657,0.1509602128166038,1000,Strict,Shape
730,0.12638984572200335,0.013100866561512079,0.1010069493486715,0.1518464821911756,1000,Strict,Shape
740,0.12507065622750613,0.013205393658632752,0.09938803356924789,0.15092478350482041,1000,Strict,Shape
750,0.12595629670052352,0.012985004416554672,0.10052334486167007,0.15077305292206447,1000,Strict,Shape
760,0.12520054986087537,0.013083441618531567,0.09809593297054199,0.15077943349225478,1000,Strict,Shape
770,0.125389234042484,0.012809972599846115,0.10158440734567278,0.1501227999045567,1000,Strict,Shape
780,0.12534020458730827,0.013066674706239456,0.09990848089945073,0.15243819939001932,1000,Strict,Shape
790,0.12545461455953344,0.012546289404340893,0.10232728370998134,0.14915269542983553,1000,Strict,Shape
800,0.12603124070097765,0.012880421054280132,0.1014073052792893,0.15142058691795743,1000,Strict,Shape
10,0.21311598350311547,0.11986125376593314,-0.013131061550508557,0.44270450104741177,1000,Strict,Label
20,0.2161423962410597,0.08702422837734226,0.0546346692625181,0.39145168591670104,1000,Strict,Label
30,0.21387188370883206,0.06869500978380734,0.08455856015992162,0.3496370338764073,1000,Strict,Label
40,0.21231097609380617,0.0590164539081938,0.10101740075050447,0.3290333528575092,1000,Strict,Label
50,0.21041042211621214,0.05471468514082501,0.10916435181004752,0.3223302594334346,1000,Strict,Label
60,0.21211055587551272,0.04842395721295836,0.11887709724932471,0.3108694726931296,1000,Strict,Label
70,0.2119414722107162,0.045143762260265625,0.12270821721885705,0.299643298221674,1000,Strict,Label
80,0.21345428433975622,0.04323189819555373,0.13120891828003506,0.30284468510787493,1000,Strict,Label
90,0.21267745297296228,0.040369860501111854,0.13849711904105888,0.29031669598062193,1000,Strict,Label
100,0.21103704987145205,0.039330783056098356,0.1387235288363965,0.28958561667758204,1000,Strict,Label
110,0.21360130486848064,0.03622114955147033,0.14506834298082744,0.2833020110078424,1000,Strict,Label
120,0.21362418404653588,0.033966119406258134,0.1470675078977158,0.28090211508741225,1000,Strict,Label
130,0.211701946201476,0.03378442113530323,0.14814860070618452,0.2809740810420029,1000,Strict,Label
140,0.2118258677264012,0.032187593628627977,0.14761756292993847,0.27614224476103205,1000,Strict,Label
150,0.21421959214485434,0.031096926772348037,0.15691726743685427,0.2770472812635192,1000,Strict,Label
160,0.21036479898356758,0.030375570366267618,0.1502579135220166,0.26820743600119046,1000,Strict,Label
170,0.21209860906572464,0.028492681890123942,0.1581355581170383,0.26837589921622296,1000,Strict,Label
180,0.2117274108834809,0.028309536251564318,0.1536816832136457,0.2642139685948591,1000,Strict,Label
190,0.21258111469022178,0.027095341415481783,0.1604566847285145,0.2666511225843562,1000,Strict,Label
200,0.211574934551246,0.025772522748204744,0.16199726183092175,0.26575778305505104,1000,Strict,Label
210,0.2128265442023327,0.025678352458228672,0.16367517529864514,0.2639593882009833,1000,Strict,Label
220,0.2129542255718909,0.025904199920258313,0.16347309732555834,0.2649814445246618,1000,Strict,Label
230,0.21224916727353796,0.0256582541612304,0.1634346251808703,0.2630054600114612,1000,Strict,Label
240,0.21197993872011647,0.024534314748715782,0.16581569498562435,0.25932873325493816,1000,Strict,Label
250,0.21333766819080335,0.023404759842328468,0.17006082107904272,0.2619624855297857,1000,Strict,Label
260,0.2118047995083918,0.023132690575985045,0.1648047522016555,0.2566381716407248,1000,Strict,Label
270,0.2115889423440519,0.022577270589903227,0.16705695393233946,0.256567225142042,1000,Strict,Label
280,0.2135298463420558,0.022888198029678807,0.1700114521099424,0.25873350718217586,1000,Strict,Label
290,0.21171591167246623,0.021896417535049947,0.16981019403265907,0.2544813072428881,1000,Strict,Label
300,0.21196759228551065,0.021132814614385768,0.1708317739996967,0.25390495170065924,1000,Strict,Label
310,0.21294868752876658,0.021763719948096224,0.17293433564300226,0.25423232598287654,1000,Strict,Label
320,0.21300004390502453,0.021764755978542407,0.16932732695790256,0.2564261707664245,1000,Strict,Label
330,0.21180332571483967,0.02059027241238297,0.17323632286944948,0.2552543501934163,1000,Strict,Label
340,0.21291794266272815,0.02009891572346069,0.17440600608698678,0.2506241990389136,1000,Strict,Label
350,0.21165068398925618,0.02044375469732039,0.17061906155271098,0.2522294266558367,1000,Strict,Label
360,0.21244720510133128,0.02060832127991552,0.17189862138083203,0.2519330684819084,1000,Strict,Label
370,0.21130764791171694,0.02031651150826336,0.17423879443555595,0.25175073963669287,1000,Strict,Label
380,0.21147380130691426,0.019720083494881756,0.17278622702595592,0.24872733704039932,1000,Strict,Label
390,0.21208353612938954,0.017503095814676888,0.17984272761655853,0.24667381447683462,1000,Strict,Label
400,0.21160340629736163,0.01926895971667326,0.1727992806275544,0.2505165416688767,1000,Strict,Label
410,0.21202175713591037,0.018855048278468758,0.17641348099285115,0.24939596145223691,1000,Strict,Label
420,0.2126307399543341,0.01789358839164952,0.17920050402047646,0.24595089930655825,1000,Strict,Label
430,0.2122396403492041,0.018658875085381135,0.1769127770751778,0.2496446150094228,1000,Strict,Label
440,0.21156497210637626,0.01776677604851627,0.1757981490569128,0.2455456143934962,1000,Strict,Label
450,0.21214159338295072,0.017367091717018557,0.17823931977921553,0.24548461818413533,1000,Strict,Label
460,0.21205109358034605,0.01672246865514881,0.17890457011133215,0.2453608532702247,1000,Strict,Label
470,0.21288214762081303,0.017805484056828046,0.1764428862977592,0.2482729099656961,1000,Strict,Label
480,0.21250420581567772,0.016740037997360013,0.18126218882954817,0.24409527467493558,1000,Strict,Label
490,0.2116710355979252,0.017797167224655387,0.17853142328369156,0.24734901196087883,1000,Strict,Label
500,0.21306897703855995,0.01688361184448776,0.18162880762772704,0.2464107353326143,1000,Strict,Label
510,0.21189206834908364,0.016670524575614687,0.18020689315502866,0.24531057447039226,1000,Strict,Label
520,0.21223199968847148,0.01645772041795707,0.17964234248304237,0.2446511031654736,1000,Strict,Label
530,0.21188648856710815,0.01570920540420857,0.1815852615599476,0.2415014766487025,1000,Strict,Label
540,0.21285393313029813,0.01616341146201791,0.18114000547276332,0.24405361764040404,1000,Strict,Label
550,0.2127807380848137,0.015791601591704233,0.18230174711008607,0.24326456819939082,1000,Strict,Label
560,0.2118575348280546,0.01541635215791673,0.17982242195558798,0.24200117404405888,1000,Strict,Label
570,0.2127113240791212,0.015535227453990186,0.1841731865855585,0.24487362679548194,1000,Strict,Label
580,0.21276674174648602,0.016378109208973316,0.17970852748973226,0.2452689878948697,1000,Strict,Label
590,0.21164466574822638,0.015407659773531347,0.18026623111597234,0.24166905088938812,1000,Strict,Label
600,0.2116243555315116,0.016146344770617077,0.18079985117664754,0.24584297491435728,1000,Strict,Label
610,0.2124275738462396,0.014740260637489153,0.1829508067311448,0.24187488772860427,1000,Strict,Label
620,0.21235180559665456,0.0152710865103734,0.18333412605075117,0.24303021306643757,1000,Strict,Label
630,0.21268816827821072,0.01523589762087962,0.18422689095626008,0.24322326502779631,1000,Strict,Label
640,0.21273008061409393,0.014989798345124853,0.1835930815708961,0.24094007663516046,1000,Strict,Label
650,0.21214336245914706,0.01475204385349094,0.18142631835886047,0.24012553660442834,1000,Strict,Label
660,0.2121355866666599,0.01524764146386843,0.18192020148448546,0.24077649588338176,1000,Strict,Label
670,0.21169723405349664,0.014045745702705656,0.18283008061034023,0.239497317416591,1000,Strict,Label
680,0.21251575906268858,0.01476796888130403,0.18334338627038538,0.24208138332246276,1000,Strict,Label
690,0.2127514942468828,0.014045918562310805,0.18553691248763232,0.24028417923743486,1000,Strict,Label
700,0.21324296384319513,0.013707010885700512,0.18685976846744137,0.23953718171185992,1000,Strict,Label
710,0.21203031450536466,0.014197802536368544,0.1842097654286322,0.24226134986703596,1000,Strict,Label
720,0.2120716234580326,0.014149681081520392,0.18528736627738446,0.24047549424709574,1000,Strict,Label
730,0.21238262776041825,0.014281891736590993,0.18421757453177776,0.23941527646899177,1000,Strict,Label
740,0.21243046201400573,0.014375399783238069,0.18316132535028348,0.2393221716761735,1000,Strict,Label
750,0.2126097465222144,0.013703148514670166,0.18496973017168464,0.23874439455889432,1000,Strict,Label
760,0.2117693382116639,0.0136977646531039,0.1841726918437641,0.2390794236877583,1000,Strict,Label
770,0.21248203489031162,0.013531111199669588,0.1843423923188297,0.2379880517886949,1000,Strict,Label
780,0.21185542821240125,0.01351158153956445,0.18631471493448173,0.23879213307410999,1000,Strict,Label
790,0.21188119799003602,0.013245190202568228,0.18570204379397173,0.2375535400345154,1000,Strict,Label
800,0.21240987203632017,0.0134126236334695,0.187593345274222,0.23856821944682327,1000,Strict,Label
10,0.028814823208160728,0.10253581894913229,-0.18073576548756415,0.23970917117978083,1000,Loose,Shape
20,0.03081064276707496,0.07127528933011863,-0.11197866692137703,0.16778891646917082,1000,Loose,Shape
30,0.025809067380075996,0.058193211517931144,-0.08552590116764788,0.14378147233983254,1000,Loose,Shape
40,0.027952650696375172,0.04904294473213325,-0.07035872119203315,0.12217891102231465,1000,Loose,Shape
50,0.030363321992828516,0.044394935598397245,-0.054439371239526885,0.11437489006735835,1000,Loose,Shape
60,0.030563026930942337,0.0418569913836766,-0.046752606599179534,0.11148111856960201,1000,Loose,Shape
70,0.029236874367887633,0.03818058509647556,-0.04574644355035232,0.10481525742840386,1000,Loose,Shape
80,0.028197835031756782,0.03543284587863809,-0.043812568899242815,0.09669478151099756,1000,Loose,Shape
90,0.027847677396049514,0.033613383617989136,-0.03828598702155505,0.0914220654919478,1000,Loose,Shape
100,0.029105339978324537,0.032037977498759564,-0.03383667983479825,0.08993208879823336,1000,Loose,Shape
110,0.027348925955819926,0.030050718827533372,-0.03449665798325446,0.08617455995688306,1000,Loose,Shape
120,0.027921979741267235,0.02897536519875411,-0.028340461762199554,0.08669073223224581,1000,Loose,Shape
130,0.027106980696816635,0.0288782213872173,-0.0285284154057142,0.08323803068867289,1000,Loose,Shape
140,0.0285868891695741,0.026939463117022618,-0.023004535764391494,0.08409063746339461,1000,Loose,Shape
150,0.029255727461052098,0.026276717678427673,-0.023923706851475053,0.07831851309814372,1000,Loose,Shape
160,0.028209810356641513,0.02499007145611063,-0.02260463606076559,0.07554756116044402,1000,Loose,Shape
170,0.030332943207184427,0.024895303088803188,-0.018074584865106148,0.0813979925596685,1000,Loose,Shape
180,0.028434470597058198,0.02365090400814824,-0.01559734694682734,0.07726302189076863,1000,Loose,Shape
190,0.028163198227299027,0.023432429826286058,-0.01643742765987593,0.07197047743512597,1000,Loose,Shape
200,0.02827800997002013,0.02267644553581456,-0.01410352281030906,0.07266193709600392,1000,Loose,Shape
210,0.027835188862521874,0.021796519808784064,-0.015394696820091182,0.07070791351822336,1000,Loose,Shape
220,0.02865981099726421,0.021465181360471788,-0.01279088773705807,0.0706953129140875,1000,Loose,Shape
230,0.028463515418540097,0.021361970131967403,-0.011529609876744626,0.07068135958709325,1000,Loose,Shape
240,0.029232099857897112,0.0207691548195197,-0.012249124602986156,0.0698493245092788,1000,Loose,Shape
250,0.028053783245546044,0.020780020348988622,-0.013342990344852541,0.06617305809930499,1000,Loose,Shape
260,0.028235727647345478,0.018891197449325197,-0.009444098131480462,0.06338298807379325,1000,Loose,Shape
270,0.027922521988559323,0.019232700209827182,-0.012997103813855054,0.06360838913303819,1000,Loose,Shape
280,0.028541723853449514,0.018849512130677863,-0.008120538941823678,0.06472987847757232,1000,Loose,Shape
290,0.028196436551831815,0.01852758444643635,-0.00812936680188344,0.06466456088814433,1000,Loose,Shape
300,0.028324650127482257,0.018290907803690148,-0.008211718390970523,0.06372081103737778,1000,Loose,Shape
310,0.029090138118715254,0.01723277771890144,-0.0032353438902490207,0.06290772425513623,1000,Loose,Shape
320,0.027900321180730322,0.01807335446136531,-0.007535426509007635,0.06348045897906868,1000,Loose,Shape
330,0.027979915625413285,0.017919264495385875,-0.006179456537472296,0.06285012434679543,1000,Loose,Shape
340,0.028734219414321967,0.016760776675403388,-0.004399627380405932,0.060538647995534975,1000,Loose,Shape
350,0.028465169771099575,0.017416726197681524,-0.004118757254429245,0.06134876078328316,1000,Loose,Shape
360,0.02895495371603564,0.01781965473080989,-0.007134683232323879,0.06201355748218934,1000,Loose,Shape
370,0.02856663018248825,0.016123029031323687,-0.0033018747703943414,0.059833070986214765,1000,Loose,Shape
380,0.02961385991126746,0.01628795631415793,-0.001277574081237717,0.06121664705676061,1000,Loose,Shape
390,0.02903027148286655,0.0161203864272902,-0.0010650291307978796,0.06092643888075738,1000,Loose,Shape
400,0.02796707616752963,0.016174215627984635,-0.00336126296631798,0.0592178263516252,1000,Loose,Shape
410,0.02817188945463594,0.01542136815363437,-0.002751133544894349,0.056903753181155495,1000,Loose,Shape
420,0.029451663344023046,0.015973764506437397,-0.0027852385107602256,0.05777146623026167,1000,Loose,Shape
430,0.02871900169551283,0.015266076260261455,-0.002518518176012236,0.059455422317399864,1000,Loose,Shape
440,0.027764323616938234,0.014571523428537583,0.0002300693216699391,0.055695455834249556,1000,Loose,Shape
450,0.028597055396142067,0.014758128531361292,0.0006093034662263247,0.05775861730943763,1000,Loose,Shape
460,0.028640908579668525,0.014908174616255107,-0.0005987132946590068,0.058712192699143316,1000,Loose,Shape
470,0.02859817579115421,0.014310575667448108,0.001562915684301666,0.05708166780030583,1000,Loose,Shape
480,0.028679148716905252,0.01433007312451769,0.002039414831854854,0.055664429556131205,1000,Loose,Shape
490,0.02887939318401272,0.014993999206028176,0.00021359936014076733,0.056534154139234,1000,Loose,Shape
500,0.028025765938121935,0.014321879109560915,-0.0019404615465536922,0.05521419457311163,1000,Loose,Shape
510,0.028560402199790665,0.014305994596282269,0.0018055483477947376,0.05626781526109466,1000,Loose,Shape
520,0.028165907162606862,0.013871367384219615,-0.0001202440193021551,0.05428890853698344,1000,Loose,Shape
530,0.028903505595209714,0.01373650058721556,0.0037872219851965367,0.05595299226549672,1000,Loose,Shape
540,0.02848211964637193,0.013203121981713079,0.0018713695292274892,0.05470837680604191,1000,Loose,Shape
550,0.028943955101640047,0.01344268462865153,0.002877246529667631,0.0559966900076955,1000,Loose,Shape
560,0.028223205547344563,0.013361226423191954,0.003231493630469646,0.05393665482906119,1000,Loose,Shape
570,0.02814916106988606,0.013245843873508877,0.003137001230324406,0.054322785416634906,1000,Loose,Shape
580,0.028864550450343224,0.0126982853148296,0.004125103056229023,0.05386382309355066,1000,Loose,Shape
590,0.0290176316318818,0.012510180371650782,0.00411411086238064,0.0527322930207063,1000,Loose,Shape
600,0.028368738507489246,0.012493304035515533,0.003965117128099789,0.05382326622427849,1000,Loose,Shape
610,0.028916795275138858,0.012348892694439822,0.0035547387815092423,0.05171126684136746,1000,Loose,Shape
620,0.028220321007314676,0.012723366611516318,0.004266724964323675,0.0535382112716566,1000,Loose,Shape
630,0.02847461319967657,0.01265168074408524,0.004112507933602215,0.05408126568963711,1000,Loose,Shape
640,0.029107752354233518,0.012501527680710407,0.0057800366405212356,0.054637538747012555,1000,Loose,Shape
650,0.028095153059786045,0.012187414652709859,0.0044154048099302335,0.05244468330661203,1000,Loose,Shape
660,0.028251588060543845,0.012223035836107017,0.003609233067196921,0.05229139992311676,1000,Loose,Shape
670,0.029255100782894516,0.012448782205036306,0.00311631135936787,0.051747891591805976,1000,Loose,Shape
680,0.02809762953525827,0.012591721672832968,0.004703701275683206,0.05442576218487606,1000,Loose,Shape
690,0.027853576284651176,0.012310477551891102,0.0032897884739833023,0.05128281390816333,1000,Loose,Shape
700,0.029138835610965294,0.011807399806151529,0.006166493834217661,0.05212854831010919,1000,Loose,Shape
710,0.02862404096658316,0.011960244860175124,0.005002641380987872,0.05276848094320177,1000,Loose,Shape
720,0.0278050198440141,0.011776961549323896,0.004748092466545972,0.05126838678707438,1000,Loose,Shape
730,0.02864023324711656,0.011764903364997623,0.005662124887732801,0.05197247636248919,1000,Loose,Shape
740,0.02920379039553029,0.011744036490851848,0.007425369140483954,0.05245240111100891,1000,Loose,Shape
750,0.028671191879702306,0.011733824588938428,0.007013875619777238,0.05225033320977886,1000,Loose,Shape
760,0.028593509510220137,0.011379346457038952,0.007386307237161217,0.05175496456647643,1000,Loose,Shape
770,0.028579391155446176,0.011256983202872651,0.006332054349652517,0.05075124385923592,1000,Loose,Shape
780,0.028640944919826744,0.011333534354256592,0.007111579693875096,0.050984626544939876,1000,Loose,Shape
790,0.028072346432672913,0.011196431210533549,0.005994276040412275,0.04956625871560433,1000,Loose,Shape
800,0.028492412548040833,0.01138161124719094,0.006701725360754026,0.05104946479586252,1000,Loose,Shape
810,0.028733148039724706,0.01153008293825016,0.005932669707233372,0.05190249017501048,1000,Loose,Shape
820,0.02839119718515809,0.01111448388019547,0.006164428980915065,0.050643313792613553,1000,Loose,Shape
830,0.02817129698062828,0.010948273688308382,0.007337222644770938,0.04856762364315175,1000,Loose,Shape
840,0.028774589795123102,0.010711396437877541,0.008538347264055104,0.04867712880891851,1000,Loose,Shape
850,0.028765686593304418,0.011092253933046244,0.007483157317163613,0.05084193406100888,1000,Loose,Shape
860,0.02885029062899868,0.01087055827707027,0.008743814776890079,0.04953380927456327,1000,Loose,Shape
870,0.02894004954940243,0.01058864833244049,0.009189349635816767,0.050932117128206736,1000,Loose,Shape
880,0.028083393412757056,0.010859610195254285,0.006159337087838607,0.0495125283954205,1000,Loose,Shape
890,0.028567903526501497,0.010894456542771823,0.007673758807466017,0.04953513595618403,1000,Loose,Shape
900,0.02866002001758954,0.010513532898464021,0.008394603636490503,0.0484226923666783,1000,Loose,Shape
910,0.028733903524938546,0.010344534269711209,0.0080166280226658,0.04900923300318212,1000,Loose,Shape
920,0.02839949650061603,0.010198295432413466,0.008132325520821231,0.04867713032326713,1000,Loose,Shape
930,0.028279380480701995,0.010504786942063719,0.0078046859919175225,0.04939260803565053,1000,Loose,Shape
940,0.02785643841723438,0.01058059920097752,0.00796852951928789,0.0487443064557388,1000,Loose,Shape
950,0.027997047969609983,0.010166546060427724,0.008919324765742136,0.048178422078283385,1000,Loose,Shape
960,0.028796535014288395,0.009920281864863024,0.009070372038075276,0.048868394809950505,1000,Loose,Shape
970,0.02803009530073185,0.010325450475066058,0.008510998485992818,0.048614117113295455,1000,Loose,Shape
980,0.029316328978741455,0.010253818018804742,0.009546925241414438,0.050013938981922704,1000,Loose,Shape
990,0.028656040144748627,0.010161152234831404,0.008965406671176124,0.048469249609273325,1000,Loose,Shape
1000,0.02860514402872135,0.009979177409831485,0.009123248635823592,0.04763120966703019,1000,Loose,Shape
1010,0.028101319851906194,0.009950840786674053,0.00883482186056982,0.04721077600960408,1000,Loose,Shape
1020,0.028482657252719697,0.010124126508596565,0.00821187061156647,0.04872710028463683,1000,Loose,Shape
1030,0.028710050794989107,0.010193915750666208,0.008582644147697407,0.047840486633170684,1000,Loose,Shape
1040,0.02853139079519941,0.009550979580003224,0.010293164308580318,0.04696125357444285,1000,Loose,Shape
1050,0.028877875713714276,0.009508654830090406,0.009866270736686516,0.04764464910367978,1000,Loose,Shape
1060,0.028640428478874966,0.010333298490610002,0.007948263230068498,0.04853996836888157,1000,Loose,Shape
1070,0.028213521873176012,0.01023495477835044,0.008923780822384347,0.04794321651233949,1000,Loose,Shape
1080,0.028695519443595267,0.009745592760932483,0.01047595287905572,0.04820976708830393,1000,Loose,Shape
1090,0.02865445131793576,0.009842325200713011,0.00808558864371344,0.04901762657320641,1000,Loose,Shape
1100,0.02882688614934866,0.010331690432741904,0.007627506749522556,0.048889641379405276,1000,Loose,Shape
1110,0.028993982666934124,0.009640162710733941,0.00963472902752532,0.04695477052647702,1000,Loose,Shape
1120,0.028360679546144938,0.009310049000213134,0.01063807874114593,0.04758767611298888,1000,Loose,Shape
1130,0.028623940474284838,0.0090910201191453,0.010439785980016133,0.0460433088410677,1000,Loose,Shape
1140,0.028814458803489144,0.009174450779519443,0.010162931944092955,0.04622671737362436,1000,Loose,Shape
1150,0.028440776276318212,0.008943169112857306,0.00989552011142483,0.04565354520758973,1000,Loose,Shape
1160,0.028416097823513318,0.009488506532030231,0.010149629215583779,0.0467523462595866,1000,Loose,Shape
1170,0.028520237868576707,0.009305405890701732,0.009272176930491505,0.045930047672730866,1000,Loose,Shape
1180,0.028494467297164497,0.009556147835372704,0.010358443405795344,0.04676175930230163,1000,Loose,Shape
1190,0.02792295155546369,0.009086795749084402,0.009419949864808623,0.04479660755178196,1000,Loose,Shape
1200,0.02836493075079726,0.00905102683237458,0.011035816130490659,0.04553462272038889,1000,Loose,Shape
1210,0.02848413155027081,0.008968404632196938,0.010648724044020749,0.045031740537006267,1000,Loose,Shape
1220,0.028226576320803665,0.009207755249375222,0.010865804158483254,0.04810324316862894,1000,Loose,Shape
1230,0.028086329624211617,0.00914367094832949,0.010680446839905064,0.04774645312070758,1000,Loose,Shape
1240,0.02799125787716486,0.009087915051411467,0.009963898243919217,0.045406982781674224,1000,Loose,Shape
1250,0.02886128463338874,0.008848878377541615,0.011740116301853475,0.04657686717070277,1000,Loose,Shape
1260,0.028608019422585243,0.009048845783007645,0.010470064141217202,0.04611792404446974,1000,Loose,Shape
1270,0.027924162007899482,0.008889392515302299,0.010808893776940085,0.045729262651504454,1000,Loose,Shape
1280,0.028494033759972736,0.008931362872318913,0.010456317821653138,0.046233290392840125,1000,Loose,Shape
1290,0.02876442094520594,0.008790302712001942,0.012303276134071384,0.047554429850028335,1000,Loose,Shape
1300,0.02868614638129905,0.008596163711398564,0.011591265305351551,0.04562760828604209,1000,Loose,Shape
1310,0.02847708189197316,0.00873596574084282,0.01081688283517758,0.04661663107366607,1000,Loose,Shape
1320,0.028341479975644738,0.008712825335671791,0.011499178361401394,0.04462599009304339,1000,Loose,Shape
1330,0.028944709295942336,0.008209642933329287,0.012861345408002049,0.04503976412750902,1000,Loose,Shape
1340,0.02829609374807067,0.008803099488563388,0.011430977900459617,0.04553443576483931,1000,Loose,Shape
1350,0.028605200360576313,0.008624565565453785,0.0126842928389929,0.04580726577916605,1000,Loose,Shape
1360,0.028596271986177136,0.008486335422165916,0.012117871532596632,0.045200313759504895,1000,Loose,Shape
1370,0.028821542161139895,0.008717344252906309,0.011131845246082524,0.046007918781913244,1000,Loose,Shape
1380,0.028655439669894422,0.008580184571559823,0.01252706402337652,0.04466782835783453,1000,Loose,Shape
1390,0.02792186618614621,0.008352522474724672,0.011548855384506474,0.04416845514959882,1000,Loose,Shape
1400,0.029116199862595466,0.00857767290868472,0.01328594593625587,0.04568212869139048,1000,Loose,Shape
1410,0.028389834520726135,0.008445572494842138,0.012309931045861526,0.044743428280975855,1000,Loose,Shape
1420,0.028352282049573418,0.008312093505993687,0.01157558256885696,0.04426030267460919,1000,Loose,Shape
1430,0.028510240699486118,0.00877236650522862,0.011578318941081928,0.046460131327326556,1000,Loose,Shape
1440,0.02869577006719915,0.008178423566689885,0.013028881264663277,0.04407873332327964,1000,Loose,Shape
1450,0.028655845940129637,0.00819621716894493,0.012676952568000794,0.04525689446100743,1000,Loose,Shape
1460,0.02898228013021241,0.008270361381957605,0.012402410362199547,0.044779735289526314,1000,Loose,Shape
1470,0.028755861790915032,0.008200860653700247,0.014109640111767723,0.04493363650419395,1000,Loose,Shape
1480,0.028771662145616127,0.008118002724112613,0.013230223247173491,0.044140929873260536,1000,Loose,Shape
1490,0.027974776548809352,0.00799342028040364,0.012804199216197756,0.043508096725399494,1000,Loose,Shape
1500,0.02851620923733846,0.007977781109360992,0.013458853410798307,0.043981631507856306,1000,Loose,Shape
1510,0.028367842146473563,0.008166064093997293,0.012914903350379528,0.04462962275850829,1000,Loose,Shape
1520,0.028662242360049654,0.007965863753154306,0.013796791188309919,0.04488269364191724,1000,Loose,Shape
1530,0.02898881057451886,0.008157980766668559,0.012645008016208551,0.044625108847267635,1000,Loose,Shape
1540,0.028573646882251297,0.008395234301115665,0.012846593091108485,0.04474946324848119,1000,Loose,Shape
1550,0.028804318814923454,0.008111192293370482,0.013720446471632905,0.04573579533928622,1000,Loose,Shape
1560,0.02852909416624459,0.007993974206553626,0.012169179600996857,0.044016589473283456,1000,Loose,Shape
1570,0.02814048853838217,0.008521307237861953,0.01115864268889144,0.04515013488584834,1000,Loose,Shape
1580,0.028426641701368244,0.008189285446035888,0.011882219213183508,0.043887828466060014,1000,Loose,Shape
1590,0.02873313664446333,0.00800754702834128,0.013092358042562544,0.04442698760227382,1000,Loose,Shape
1600,0.028858606604541044,0.008106067539542712,0.012623950272870008,0.04582946195525243,1000,Loose,Shape
1610,0.02896295693769019,0.008016333337911578,0.01330688967303083,0.04400827293147381,1000,Loose,Shape
1620,0.02876427882149068,0.007785912335424977,0.013105367431794393,0.043718229436444433,1000,Loose,Shape
1630,0.028184234997130266,0.007956942568477196,0.013353833041965076,0.04330487211523403,1000,Loose,Shape
1640,0.028481880652657422,0.007806365924961825,0.013176578153718702,0.043786765388443845,1000,Loose,Shape
1650,0.028846706477375618,0.007860185596281346,0.013674538243834942,0.04307002706222813,1000,Loose,Shape
1660,0.028652384543017412,0.0076123573040930495,0.01378119781443566,0.0438097659995218,1000,Loose,Shape
1670,0.028115602808147934,0.007844675410289445,0.012312072416911126,0.042993517802823296,1000,Loose,Shape
1680,0.028717364263122012,0.007901852011369715,0.012642791849924605,0.04417996884362513,1000,Loose,Shape
1690,0.0285984285168031,0.007824398807690971,0.013165004445616971,0.043876528077990924,1000,Loose,Shape
1700,0.028821122959717945,0.007890674080948953,0.013615417850585999,0.04423740784162462,1000,Loose,Shape
1710,0.028387104838377347,0.007742097489440492,0.01315512993198344,0.04362326006015384,1000,Loose,Shape
1720,0.028397485227651238,0.007439263669286678,0.01404320506168899,0.042799602826718894,1000,Loose,Shape
1730,0.02881714338693832,0.007644150280192543,0.013101382708127784,0.04363589889677227,1000,Loose,Shape
1740,0.02850354921475192,0.007761509483946904,0.013388253296516455,0.04315383723148795,1000,Loose,Shape
1750,0.029201691411853588,0.007171828272671555,0.014929720205134923,0.04303631040474924,1000,Loose,Shape
1760,0.028386545623217716,0.007609008617518017,0.014252743987776194,0.044591866097590735,1000,Loose,Shape
1770,0.028252818506120478,0.0074397456889360196,0.014412700046807045,0.04301557471787095,1000,Loose,Shape
1780,0.028493196612768737,0.007733154914650715,0.013426082163955244,0.04340098941701307,1000,Loose,Shape
1790,0.02826405247386422,0.007365217589595558,0.012958335015752281,0.042491077209199424,1000,Loose,Shape
1800,0.028368008529269507,0.007812859739532434,0.014147195913887606,0.04365042260021064,1000,Loose,Shape
1810,0.02842767474047242,0.007566361827565315,0.013296257482353808,0.04249806629483397,1000,Loose,Shape
1820,0.02863679049215895,0.007254573219457291,0.014967786226270464,0.04285394923706793,1000,Loose,Shape
1830,0.028594459242616672,0.007308853620773887,0.01408381465929091,0.04282592255558921,1000,Loose,Shape
1840,0.02807419338188208,0.007219729050165268,0.01481906352350431,0.04210097401280803,1000,Loose,Shape
1850,0.028380225841487194,0.007440484771930809,0.013645671424473524,0.04295853145991157,1000,Loose,Shape
1860,0.028386486410428725,0.007101936497271455,0.01467599735984705,0.04241837470669914,1000,Loose,Shape
1870,0.028165929114714282,0.007676499580441201,0.013116817099590065,0.043104773831310665,1000,Loose,Shape
1880,0.028548328475440456,0.007592524242611817,0.014860430421118377,0.043962742706698414,1000,Loose,Shape
1890,0.02806686495760197,0.006965435475305647,0.01377122829552985,0.041505720865764734,1000,Loose,Shape
1900,0.028613621511573258,0.007292117379596571,0.014472566639906226,0.042002922420882605,1000,Loose,Shape
1910,0.02845773804549414,0.007394212578617811,0.014126171110877363,0.04261359112352673,1000,Loose,Shape
1920,0.028532870521924082,0.007324551862993696,0.014150679590008137,0.04240184496743496,1000,Loose,Shape
1930,0.028420282585342904,0.007043851066641029,0.015025730834200635,0.04224027667364878,1000,Loose,Shape
1940,0.02853340447393188,0.006969671926231406,0.015102252510060366,0.04166677854581293,1000,Loose,Shape
1950,0.028864532816376107,0.007020487273067438,0.014346905297011953,0.04235250035783387,1000,Loose,Shape
1960,0.028233493341902952,0.007034714330631772,0.014984230322147534,0.04192971041444817,1000,Loose,Shape
1970,0.02800263500433867,0.007262862140652802,0.014444402150290867,0.04227223318220349,1000,Loose,Shape
1980,0.028610985339439902,0.007273539219717044,0.013397724650841863,0.04200579938585747,1000,Loose,Shape
1990,0.028347846423308534,0.006849539022198854,0.015068857641589137,0.04180258362715841,1000,Loose,Shape
2000,0.02881573823102392,0.007262939996255537,0.015455325126533505,0.04307514662206375,1000,Loose,Shape
2010,0.02848949302184914,0.006981124143702693,0.014961555083476555,0.04195002141830739,1000,Loose,Shape
2020,0.02829331124765993,0.006872222160739376,0.014997729973086847,0.042189144037990775,1000,Loose,Shape
2030,0.028891246519593634,0.0073853633182988905,0.01492853755515229,0.0436416685507491,1000,Loose,Shape
2040,0.02863965047365015,0.007211991449106975,0.01468434180597269,0.04245547068624142,1000,Loose,Shape
2050,0.028561914224073937,0.006997782944401087,0.014696958099136776,0.04201421286410849,1000,Loose,Shape
2060,0.028397871211438323,0.0068876041537776845,0.0152868528334818,0.042148207243875316,1000,Loose,Shape
2070,0.02877962437159916,0.0066758267375914525,0.015689678740074604,0.041278878241387956,1000,Loose,Shape
10,0.08934108721027603,0.0985676763488586,-0.11259123270873632,0.2763947194770488,1000,Loose,Label
20,0.08583169433296965,0.06837922087342702,-0.04234704004712675,0.2187559252922214,1000,Loose,Label
30,0.08589906612245324,0.0560258964938738,-0.02628828275390863,0.19515453057531762,1000,Loose,Label
40,0.08469009296774217,0.049643525498366384,-0.01196435638194524,0.18244586936048116,1000,Loose,Label
50,0.08595101749819106,0.04339119668784563,0.0009787101869377123,0.17069672467143046,1000,Loose,Label
60,0.08590154892790779,0.03904742305262828,0.006695444427066122,0.1607950854807258,1000,Loose,Label
70,0.08760524568788139,0.03551463353446875,0.020880748880526347,0.1578342090574887,1000,Loose,Label
80,0.087371910646288,0.03442014891371484,0.018914769311618777,0.15898130427519053,1000,Loose,Label
90,0.08457557627925856,0.03173799632396117,0.023305257075789104,0.14478856594317616,1000,Loose,Label
100,0.08739879709999858,0.030074021900370913,0.028422796451684378,0.14768855503992606,1000,Loose,Label
110,0.08666674580116038,0.029785883552615473,0.0287427312186399,0.14599574711889887,1000,Loose,Label
120,0.08580156292153633,0.028022839273021162,0.03350151340448854,0.14378360578156862,1000,Loose,Label
130,0.08615084561457899,0.02760250472470323,0.03285442950816616,0.13942043820413472,1000,Loose,Label
140,0.08765745482083069,0.024371576350261655,0.03979464065197417,0.1320330904336318,1000,Loose,Label
150,0.08805710779133721,0.023891686502141615,0.04003332693016637,0.1341544593498936,1000,Loose,Label
160,0.08732835068216935,0.02410712146211172,0.04095305298184662,0.134270133315832,1000,Loose,Label
170,0.08546532736569865,0.022965061193831886,0.04007681425914522,0.13002104844724335,1000,Loose,Label
180,0.08668072446082814,0.023236704890886545,0.03855838617720522,0.13109490013664787,1000,Loose,Label
190,0.08718525789564739,0.021536225080983924,0.04684064349972781,0.12884479536112187,1000,Loose,Label
200,0.08742524231697545,0.02162166640215967,0.04477863390440818,0.1278984615791944,1000,Loose,Label
210,0.08690303279371901,0.021546776039783385,0.045586857444673695,0.1298835471387622,1000,Loose,Label
220,0.08732537266432236,0.02077044359286578,0.04275646033407245,0.12774683195753692,1000,Loose,Label
230,0.08609973630344153,0.020256832195888166,0.04655693500782527,0.12650485910488515,1000,Loose,Label
240,0.08729815109434924,0.01967707968541422,0.04863267327905121,0.1252963094614757,1000,Loose,Label
250,0.08612384642463153,0.019459719431562477,0.04698767570305134,0.12222089634273836,1000,Loose,Label
260,0.08644585704973608,0.018949085584625665,0.050145793939532425,0.12339008422541749,1000,Loose,Label
270,0.08764858906989316,0.01883322098175298,0.049855376612383026,0.12615016577020957,1000,Loose,Label
280,0.08797700470056427,0.017994817436914685,0.05427709596546546,0.12348858495165818,1000,Loose,Label
290,0.08666559995533477,0.017659836595291363,0.05278511533543692,0.1221734300738649,1000,Loose,Label
300,0.08747367040168245,0.017454219778399265,0.05452127609458115,0.12388244868636548,1000,Loose,Label
310,0.08792365422170868,0.01757481919616376,0.053681184576710415,0.12264494460519,1000,Loose,Label
320,0.08659416874886801,0.017145439732631662,0.052910355377655836,0.1219428189542507,1000,Loose,Label
330,0.08704052047047925,0.016066867780074667,0.057046311552806164,0.11842372016693245,1000,Loose,Label
340,0.08710166041734022,0.016486347875069682,0.05505889317908829,0.11901365930111865,1000,Loose,Label
350,0.08602830760096564,0.016219907530730486,0.05474315112530708,0.11817921872449634,1000,Loose,Label
360,0.0866859187981895,0.016254240750609546,0.05530353996672848,0.11934735891245525,1000,Loose,Label
370,0.0866524976154547,0.016288756924498785,0.054550098736869966,0.11852123259992144,1000,Loose,Label
380,0.08733727281259249,0.015669190764390942,0.05469572042832916,0.11801049316603916,1000,Loose,Label
390,0.08627733014920877,0.015756500256909518,0.055710339174407604,0.11573170871180774,1000,Loose,Label
400,0.08647372052145619,0.01548895786463523,0.056737535853487335,0.11852666139025364,1000,Loose,Label
410,0.08682003387583279,0.01542545463804685,0.055457555818958046,0.11552197740619953,1000,Loose,Label
420,0.08667975927268973,0.01460038608989592,0.05663569303222466,0.11604122761249583,1000,Loose,Label
430,0.08640194628641665,0.014829414866165666,0.057360551307724224,0.11513875711539863,1000,Loose,Label
440,0.08751481218488395,0.014807297721738775,0.05893350728387195,0.11699489469600599,1000,Loose,Label
450,0.08668665351025298,0.014455083187505529,0.05910621438474838,0.1149536059756112,1000,Loose,Label
460,0.08688882483351616,0.014368622423891355,0.059690462041722785,0.11545249612767465,1000,Loose,Label
470,0.08679085295905352,0.014026040023326126,0.059671713415146724,0.11237455720046566,1000,Loose,Label
480,0.0873382673228215,0.013862241777653134,0.05996921118814667,0.11517322947305784,1000,Loose,Label
490,0.08670753356521982,0.014000488638900977,0.05698075350588476,0.11342834702135056,1000,Loose,Label
500,0.08686872216338289,0.013787217290414615,0.05980496408639684,0.11400203836737142,1000,Loose,Label
510,0.08690400350869538,0.013488326022699962,0.06069225680237738,0.11368506507677548,1000,Loose,Label
520,0.08684337469128366,0.012980680232288438,0.061486094188217474,0.11095304476589063,1000,Loose,Label
530,0.08650098850309137,0.013090154612914264,0.06171596174053339,0.11106297855284622,1000,Loose,Label
540,0.08673833402293213,0.013454942244206477,0.060422740934177994,0.11215418489795452,1000,Loose,Label
550,0.0859785006820657,0.013112672157116473,0.059033656527255465,0.11172557121420335,1000,Loose,Label
560,0.08731158753685966,0.012847318511661161,0.06173020877743169,0.11178322484985735,1000,Loose,Label
570,0.08763588843351161,0.01298915947297161,0.06307784835056816,0.11365366522684071,1000,Loose,Label
580,0.0871016944230044,0.012193777374042038,0.06410971251116984,0.11066996174734099,1000,Loose,Label
590,0.0869935203863975,0.012484216724403878,0.06159635204977559,0.1100172078090166,1000,Loose,Label
600,0.08740670504228408,0.012681269326253292,0.06288125009614531,0.11176474097201224,1000,Loose,Label
610,0.08681352644854991,0.012259704507316657,0.062396880890296234,0.11099513683016674,1000,Loose,Label
620,0.08668846246712666,0.012126812483921607,0.06332702607616371,0.11039637149280825,1000,Loose,Label
630,0.0868236915873535,0.012460707020974843,0.06225571571489908,0.11112584517092847,1000,Loose,Label
640,0.08714327412526301,0.012066491348979214,0.06267602085043959,0.11057999714566426,1000,Loose,Label
650,0.08668003490182831,0.011884550212239282,0.0635779026147388,0.10996915587998662,1000,Loose,Label
660,0.08732849325326107,0.012007720474846533,0.06424711457492906,0.11091170649571816,1000,Loose,Label
670,0.08736657578848442,0.011971735947334323,0.06422489692397686,0.11017584060489855,1000,Loose,Label
680,0.08751019050487371,0.012095154148838178,0.06319643627773068,0.1105915741081324,1000,Loose,Label
690,0.08708598172810178,0.01146921778258145,0.06506518197453547,0.10952878102571827,1000,Loose,Label
700,0.08716832090262054,0.011282571370950099,0.06530805912313466,0.11005032549116543,1000,Loose,Label
710,0.08686781989509586,0.011838048264529987,0.06400968712065498,0.10992993139032461,1000,Loose,Label
720,0.08680904831472958,0.011126227794976674,0.06498156997855542,0.10874476401409106,1000,Loose,Label
730,0.08742010573493544,0.011168577711235509,0.06564647014982358,0.10958262792735324,1000,Loose,Label
740,0.08697334896636934,0.011341988474214072,0.06321803763717315,0.10818005840666069,1000,Loose,Label
750,0.08678992022570864,0.011663785564082603,0.06420383370957476,0.11001386751707642,1000,Loose,Label
760,0.08666574292819945,0.010949829316561127,0.06584895890804715,0.10840047823234092,1000,Loose,Label
770,0.08680331556352106,0.011047954404222486,0.06466677608425131,0.1085554165354933,1000,Loose,Label
780,0.08752991984008603,0.011135435977078818,0.06601778061736807,0.10913796739957686,1000,Loose,Label
790,0.0873653314474854,0.010447807359795431,0.06786787157525134,0.10789506914121347,1000,Loose,Label
800,0.0867028115859109,0.010548448101107437,0.06539149090963838,0.10724404385327697,1000,Loose,Label
810,0.08691298601600433,0.01083599039239707,0.06592988631945136,0.10907339756155325,1000,Loose,Label
820,0.08701313486260306,0.01071985446905938,0.06681801815603837,0.10745786981917385,1000,Loose,Label
830,0.08752453289794372,0.010811065692406866,0.06674149422242294,0.11027485103401748,1000,Loose,Label
840,0.08706617250612046,0.010636266461823536,0.06582437225748936,0.10835447166506612,1000,Loose,Label
850,0.08667753643100781,0.010467938496558495,0.06751195969011287,0.10883701092291843,1000,Loose,Label
860,0.08688644343672097,0.01009229239666966,0.06703786099885721,0.10754707864519467,1000,Loose,Label
870,0.08646674892425822,0.010455684742661201,0.06649783265892403,0.107126563824909,1000,Loose,Label
880,0.08644668989366824,0.010187255036465975,0.06627991458799747,0.10658990707090753,1000,Loose,Label
890,0.0869918877416386,0.010329270573504945,0.06670849951518497,0.10657075414182782,1000,Loose,Label
900,0.0872097005541061,0.010158852229953962,0.06731013674833179,0.10619318950962901,1000,Loose,Label
910,0.08671914277541547,0.010457151646175859,0.06576190945824528,0.10687109149048792,1000,Loose,Label
920,0.08668344086951453,0.010187645650115582,0.06676418378980602,0.1073512812137464,1000,Loose,Label
930,0.08707782577444777,0.010191190377728747,0.0675354672491184,0.10630884282361831,1000,Loose,Label
940,0.08699922162531647,0.010055760704205167,0.06874776426091624,0.1065031535940844,1000,Loose,Label
950,0.08661944530647725,0.009991027953853726,0.06772480137627857,0.10603498501449164,1000,Loose,Label
960,0.08757815789434122,0.010198479794556901,0.06823465198441309,0.10720778990708293,1000,Loose,Label
970,0.08724990524754549,0.009209949428426649,0.07003858415482475,0.10635295374100442,1000,Loose,Label
980,0.08734500730979775,0.009712706703366065,0.06971414729210898,0.1062836159942312,1000,Loose,Label
990,0.08687419609097552,0.009610096811087553,0.06877825743926104,0.10591835187893754,1000,Loose,Label
1000,0.08670964438490986,0.009627476902601798,0.06615550188342133,0.10576492836387903,1000,Loose,Label
1010,0.08721028887175973,0.009334804690971591,0.06843802151135871,0.1054384626193817,1000,Loose,Label
1020,0.08667617073347077,0.00927655420467659,0.0682733997745012,0.10331514189720692,1000,Loose,Label
1030,0.08748161525615822,0.009442975700515369,0.06812711818285337,0.10514354205199142,1000,Loose,Label
1040,0.08766212547439309,0.009852609785085294,0.0676890622329883,0.1071732160721522,1000,Loose,Label
1050,0.0868189800665209,0.009553395861604903,0.06757134627497956,0.10630106017075992,1000,Loose,Label
1060,0.08642827388017534,0.009480222745012194,0.06783876588517446,0.10553835984558245,1000,Loose,Label
1070,0.08727561077921671,0.00939659552217579,0.06852107794955983,0.10500483079108947,1000,Loose,Label
1080,0.08728682484742986,0.009488319253107416,0.06744888848487117,0.104155771847645,1000,Loose,Label
1090,0.08670730587185545,0.009273976186875164,0.06891212155252852,0.10420463722506308,1000,Loose,Label
1100,0.08725548050533787,0.009278758278053656,0.06898183396869652,0.1051640029818845,1000,Loose,Label
1110,0.0873138829755236,0.009369153521057823,0.06912602115754861,0.1053736782356764,1000,Loose,Label
1120,0.08664461596387571,0.009415134556980027,0.06852730201017886,0.10495167220152729,1000,Loose,Label
1130,0.08721609823163641,0.009199100241309611,0.06916245119531439,0.10385117052800408,1000,Loose,Label
1140,0.08679658720976756,0.009454939590304379,0.06935300060304803,0.10501905663645245,1000,Loose,Label
1150,0.0863640389890817,0.009106547965397362,0.06917363078703852,0.10494329784203484,1000,Loose,Label
1160,0.0868961051543426,0.008873681007889201,0.06866400044549106,0.10395509350360908,1000,Loose,Label
1170,0.08668984808127823,0.008889259624876673,0.06905182932340406,0.10429364146167568,1000,Loose,Label
1180,0.08729222536037784,0.009085843834206906,0.07103085997816892,0.10596475015190582,1000,Loose,Label
1190,0.0871539828206098,0.008990617411595897,0.06962807659727242,0.10557126055950161,1000,Loose,Label
1200,0.08690302319872036,0.008599047095164073,0.0690883523745697,0.10402970333789152,1000,Loose,Label
1210,0.08678310472734532,0.009026442967447566,0.06962451092753737,0.1039676287929505,1000,Loose,Label
1220,0.08678559187839324,0.008919776218742532,0.06819483884287271,0.10391103988914714,1000,Loose,Label
1230,0.08689263464665431,0.008796336369421627,0.069284685044259,0.10369873860710932,1000,Loose,Label
1240,0.08688193577262733,0.009126791033902192,0.06972468436784468,0.10442621925278622,1000,Loose,Label
1250,0.08706095649553967,0.008478405418043422,0.0697811977752225,0.10326836493900389,1000,Loose,Label
1260,0.08696537723592007,0.008732029612163787,0.06968093925697683,0.10323716820568572,1000,Loose,Label
1270,0.08663405662386432,0.008740580607216285,0.0697630370013201,0.10384614859772431,1000,Loose,Label
1280,0.0875202416828963,0.008431959309878037,0.07110557197037645,0.1038154444202167,1000,Loose,Label
1290,0.08697893392636104,0.008515454029543481,0.06978863547521702,0.10350214779508017,1000,Loose,Label
1300,0.08642334591280476,0.00867484863128797,0.06945705118623342,0.10324017967883412,1000,Loose,Label
1310,0.0872199510656113,0.008246757421138385,0.07203774964684967,0.10342454765072936,1000,Loose,Label
1320,0.08684696070431626,0.0084195046831505,0.07023427594705701,0.10394544397978817,1000,Loose,Label
1330,0.08687900202511604,0.008390832025657012,0.06987653313241958,0.10285216232446254,1000,Loose,Label
1340,0.08623308542359039,0.008126976452684002,0.07008805926763809,0.10293744661187877,1000,Loose,Label
1350,0.08668169129816768,0.008431195170079776,0.0703000028388913,0.10319161360018296,1000,Loose,Label
1360,0.08642161699012048,0.008388371601562314,0.07071691539183808,0.1024161221177557,1000,Loose,Label
1370,0.08713827510138746,0.00792702418871522,0.07139629025475863,0.10325639943335865,1000,Loose,Label
1380,0.08663822192058085,0.008105832077253747,0.07067713806188346,0.10210683701860762,1000,Loose,Label
1390,0.08689933772735468,0.008335786919239993,0.06989011391483921,0.10329709810748505,1000,Loose,Label
1400,0.08654785343618213,0.008140791709862965,0.07064009312796328,0.10224657998897993,1000,Loose,Label
1410,0.08709936403910251,0.008409353589035265,0.07061805820188383,0.10350438085384223,1000,Loose,Label
1420,0.08651751646500051,0.008325579071294383,0.06980608420469267,0.10168902871272273,1000,Loose,Label
1430,0.08716558803437333,0.008076830305378386,0.07132614486138887,0.10265931390392635,1000,Loose,Label
1440,0.0869393214857602,0.008210258019074127,0.0718845994871633,0.10290412777016637,1000,Loose,Label
