"Subject_ID","Exp_id","Age","Gender","Group","Date"
"101","Qi_2025_SciData_Exp1",21,"Male","4","2023-04-05_10h42.42.763"
"102","Qi_2025_SciData_Exp1",22,"Male","8","2023-04-08_10h58.15.782"
"103","Qi_2025_SciData_Exp1",23,"Male","3","2023-04-08_16h55.04.585"
"104","Qi_2025_SciData_Exp1",21,"Male","4","2023-04-13_14h48.43.054"
"105","Qi_2025_SciData_Exp1",21,"Male","5","2023-04-13_17h41.38.984"
"106","Qi_2025_SciData_Exp1",21,"Male","5","2023-04-20_20h24.12.994"
"107","Qi_2025_SciData_Exp1",23,"Male","12","2023-04-29_12h04.37.974"
"108","Qi_2025_SciData_Exp1",25,"Male","12","2023-05-03_14h32.12.481"
"109","Qi_2025_SciData_Exp1",21,"Male","7","2023-05-03_15h09.49.335"
"110","Qi_2025_SciData_Exp1",20,"Male","5","2023-05-09_15h39.17.106"
"111","Qi_2025_SciData_Exp1",20,"Male","3","2023-05-20_09h42.07.749"
"112","Qi_2025_SciData_Exp1",22,"Male","3","2023-05-27_10h58.24.457"
"113","Qi_2025_SciData_Exp1",24,"Male","10","2023-05-26_09h41.20.400"
"114","Qi_2025_SciData_Exp1",19,"Male","7","2023-05-26_16h34.54.863"
"115","Qi_2025_SciData_Exp1",24,"Male","8","2023-05-29_14h53.09.683"
"116","Qi_2025_SciData_Exp1",23,"Male","4","2023-07-03_15h16.25.996"
"117","Qi_2025_SciData_Exp1",23,"Male","1","2023-07-03_17h38.31.766"
"118","Qi_2025_SciData_Exp1",24,"Male","8","2023-07-03_20h43.53.434"
"119","Qi_2025_SciData_Exp1",27,"Male","9","2023-07-04_17h18.39.685"
"120","Qi_2025_SciData_Exp1",20,"Male","4","2023-07-08_10h07.52.442"
"121","Qi_2025_SciData_Exp1",25,"Male","1","2023-07-07_20h40.32.404"
"122","Qi_2025_SciData_Exp1",26,"Male","3","2023-07-10_11h28.52.086"
"123","Qi_2025_SciData_Exp1",25,"Male","3","2023-07-10_19h35.43.130"
"124","Qi_2025_SciData_Exp1",20,"Male","12","2023-07-10_19h37.40.054"
"125","Qi_2025_SciData_Exp1",26,"Male","5","2023-07-17_19h27.46.365"
"126","Qi_2025_SciData_Exp1",19,"Male","3","2023-08-30_13h32.41.938"
"127","Qi_2025_SciData_Exp1",21,"Male","12","2023-08-30_16h05.25.116"
"128","Qi_2025_SciData_Exp1",21,"Male","8","2023-08-30_16h03.18.929"
"129","Qi_2025_SciData_Exp1",22,"Male","7","2023-08-31_11h02.31.214"
"130","Qi_2025_SciData_Exp1",20,"Male","2","2023-08-31_11h09.59.186"
"131","Qi_2025_SciData_Exp1",25,"Male","6","2023-09-15_14h12.01.459"
"132","Qi_2025_SciData_Exp1",23,"Male","4","2023-09-15_14h19.56.325"
"133","Qi_2025_SciData_Exp1",23,"Male","9","2023-09-17_16h52.36.128"
"134","Qi_2025_SciData_Exp1",21,"Male","4","2023-09-18_10h50.18.301"
"135","Qi_2025_SciData_Exp1",23,"Male","8","2023-09-27_10h41.27.571"
"136","Qi_2025_SciData_Exp1",21,"Male","1","2023-09-27_16h55.25.155"
"137","Qi_2025_SciData_Exp1",23,"Male","4","2023-09-27_17h01.19.580"
"138","Qi_2025_SciData_Exp1",19,"Male","9","2023-09-27_19h38.41.920"
"139","Qi_2025_SciData_Exp1",20,"Male","9","2023-09-28_19h36.31.395"
"140","Qi_2025_SciData_Exp1",19,"Male","5","2023-09-29_13h39.06.151"
"141","Qi_2025_SciData_Exp1",20,"Male","4","2023-09-29_13h36.34.619"
"142","Qi_2025_SciData_Exp1",22,"Male","1","2023-10-03_10h30.52.469"
"143","Qi_2025_SciData_Exp1",24,"Male","12","2023-10-03_10h27.36.097"
"144","Qi_2025_SciData_Exp1",20,"Male","1","2023-10-03_15h34.14.479"
"145","Qi_2025_SciData_Exp1",26,"Male","5","2023-10-03_15h29.08.217"
"146","Qi_2025_SciData_Exp1",27,"Male","6","2023-10-05_15h27.51.190"
"147","Qi_2025_SciData_Exp1",26,"Male","2","2023-11-25_13h58.37.146"
"148","Qi_2025_SciData_Exp1",21,"Male","6","2023-11-25_16h04.10.130"
"149","Qi_2025_SciData_Exp1",19,"Male","3","2023-11-25_15h59.44.678"
"150","Qi_2025_SciData_Exp1",25,"Male","9","2023-11-26_14h46.50.371"
"151","Qi_2025_SciData_Exp1",21,"Male","2","2023-11-30_19h46.13.887"
"152","Qi_2025_SciData_Exp1",21,"Male","10","2023-11-30_21h10.33.231"
"153","Qi_2025_SciData_Exp1",23,"Male","5","2023-12-01_14h51.00.196"
"154","Qi_2025_SciData_Exp1",22,"Male","11","2023-12-06_14h16.22.753"
"155","Qi_2025_SciData_Exp1",28,"Male","5","2023-12-07_13h44.48.359"
"156","Qi_2025_SciData_Exp1",23,"Male","3","2023-12-10_13h56.52.024"
"157","Qi_2025_SciData_Exp1",21,"Male","2","2023-12-10_19h44.43.862"
"201","Qi_2025_SciData_Exp1",20,"Female","3","2023-04-05_15h35.54.587"
"202","Qi_2025_SciData_Exp1",20,"Female","4","2023-04-08_14h31.24.099"
"203","Qi_2025_SciData_Exp1",25,"Female","5","2023-04-13_20h52.06.283"
"204","Qi_2025_SciData_Exp1",23,"Female","11","2023-04-13_20h27.34.441"
"205","Qi_2025_SciData_Exp1",22,"Female","5","2023-04-20_17h41.09.546"
"206","Qi_2025_SciData_Exp1",22,"Female","3","2023-04-29_15h38.53.145"
"207","Qi_2025_SciData_Exp1",21,"Female","9","2023-04-29_17h57.43.565"
"208","Qi_2025_SciData_Exp1",21,"Female","4","2023-04-29_20h29.44.188"
"209","Qi_2025_SciData_Exp1",24,"Female","6","2023-05-03_17h22.10.904"
"210","Qi_2025_SciData_Exp1",22,"Female","10","2023-05-03_17h43.45.542"
"211","Qi_2025_SciData_Exp1",23,"Female","9","2023-05-11_14h42.11.444"
"212","Qi_2025_SciData_Exp1",19,"Female","7","2023-05-11_16h41.08.049"
"213","Qi_2025_SciData_Exp1",19,"Female","6","2023-05-19_16h41.02.536"
"214","Qi_2025_SciData_Exp1",20,"Female","7","2023-05-21_17h14.43.043"
"215","Qi_2025_SciData_Exp1",21,"Female","11","2023-05-20_16h33.21.866"
"216","Qi_2025_SciData_Exp1",19,"Female","4","2023-05-26_14h44.03.303"
"217","Qi_2025_SciData_Exp1",25,"Female","10","2023-05-26_14h42.18.131"
"218","Qi_2025_SciData_Exp1",24,"Female","9","2023-05-28_10h52.24.792"
"219","Qi_2025_SciData_Exp1",19,"Female","7","2023-05-29_10h52.47.190"
"220","Qi_2025_SciData_Exp1",21,"Female","8","2023-05-28_10h33.02.159"
"221","Qi_2025_SciData_Exp1",24,"Female","2","2023-07-04_15h11.47.535"
"222","Qi_2025_SciData_Exp1",22,"Female","8","2023-07-04_17h14.08.461"
"223","Qi_2025_SciData_Exp1",24,"Female","8","2023-07-07_14h44.53.491"
"224","Qi_2025_SciData_Exp1",21,"Female","11","2023-07-07_14h37.56.063"
"225","Qi_2025_SciData_Exp1",23,"Female","6","2023-07-07_18h13.57.219"
"226","Qi_2025_SciData_Exp1",22,"Female","6","2023-07-07_17h48.46.842"
"227","Qi_2025_SciData_Exp1",23,"Female","11","2023-07-10_16h34.07.180"
"228","Qi_2025_SciData_Exp1",23,"Female","12","2023-07-10_16h39.06.409"
"229","Qi_2025_SciData_Exp1",20,"Female","5","2023-07-12_10h29.15.547"
"230","Qi_2025_SciData_Exp1",20,"Female","1","2023-07-12_19h43.31.028"
"231","Qi_2025_SciData_Exp1",21,"Female","11","2023-07-15_16h45.55.207"
"232","Qi_2025_SciData_Exp1",21,"Female","9","2023-07-15_16h53.41.244"
"233","Qi_2025_SciData_Exp1",22,"Female","8","2023-07-17_16h36.56.702"
"234","Qi_2025_SciData_Exp1",21,"Female","7","2023-08-30_13h36.34.251"
"235","Qi_2025_SciData_Exp1",23,"Female","3","2023-08-31_20h33.35.884"
"236","Qi_2025_SciData_Exp1",26,"Female","9","2023-08-31_20h39.27.582"
"237","Qi_2025_SciData_Exp1",23,"Female","8","2023-09-15_16h44.49.931"
"238","Qi_2025_SciData_Exp1",25,"Female","6","2023-09-15_16h36.21.774"
"239","Qi_2025_SciData_Exp1",20,"Female","11","2023-09-17_11h15.31.826"
"240","Qi_2025_SciData_Exp1",20,"Female","3","2023-09-17_11h18.44.456"
"241","Qi_2025_SciData_Exp1",21,"Female","1","2023-09-17_16h45.07.705"
"242","Qi_2025_SciData_Exp1",22,"Female","7","2023-09-18_10h43.17.771"
"243","Qi_2025_SciData_Exp1",24,"Female","12","2023-09-27_10h38.10.995"
"244","Qi_2025_SciData_Exp1",18,"Female","12","2023-09-27_19h22.12.326"
"245","Qi_2025_SciData_Exp1",21,"Female","8","2023-09-28_14h38.29.440"
"246","Qi_2025_SciData_Exp1",19,"Female","1","2023-09-28_19h33.00.249"
"247","Qi_2025_SciData_Exp1",19,"Female","3","2023-09-29_15h38.26.532"
"248","Qi_2025_SciData_Exp1",24,"Female","11","2023-09-29_15h33.38.406"
"249","Qi_2025_SciData_Exp1",22,"Female","10","2023-10-03_13h39.11.211"
"250","Qi_2025_SciData_Exp1",21,"Female","2","2023-10-03_13h22.19.403"
"251","Qi_2025_SciData_Exp1",20,"Female","2","2023-10-04_19h41.47.055"
"252","Qi_2025_SciData_Exp1",23,"Female","3","2023-10-04_19h23.51.577"
"253","Qi_2025_SciData_Exp1",20,"Female","1","2023-10-05_13h26.34.883"
"254","Qi_2025_SciData_Exp1",19,"Female","3","2023-10-05_13h30.59.570"
"255","Qi_2025_SciData_Exp1",23,"Female","9","2023-10-09_14h05.58.853"
"256","Qi_2025_SciData_Exp1",20,"Female","12","2023-10-09_14h32.15.711"
"257","Qi_2025_SciData_Exp1",18,"Female","4","2023-10-08_13h52.35.588"
"258","Qi_2025_SciData_Exp1",21,"Female","9","2023-10-08_14h18.55.970"
"259","Qi_2025_SciData_Exp1",21,"Female","2","2023-11-24_10h56.13.633"
"260","Qi_2025_SciData_Exp1",21,"Female","10","2023-11-25_14h04.33.331"
"261","Qi_2025_SciData_Exp1",20,"Female","12","2023-11-24_10h50.24.725"
"262","Qi_2025_SciData_Exp1",23,"Female","6","2023-11-27_20h47.14.806"
"263","Qi_2025_SciData_Exp1",22,"Female","6","2023-11-27_11h00.06.310"
"264","Qi_2025_SciData_Exp1",21,"Female","8","2023-11-27_20h04.03.153"
"265","Qi_2025_SciData_Exp1",22,"Female","12","2023-11-29_14h01.59.276"
"266","Qi_2025_SciData_Exp1",21,"Female","8","2023-11-29_17h08.17.332"
"267","Qi_2025_SciData_Exp1",23,"Female","3","2023-11-29_17h16.17.299"
"268","Qi_2025_SciData_Exp1",23,"Female","2","2023-11-30_21h07.49.603"
"269","Qi_2025_SciData_Exp1",21,"Female","9","2023-11-29_15h37.06.612"
"270","Qi_2025_SciData_Exp1",24,"Female","3","2023-12-01_11h09.13.133"
"271","Qi_2025_SciData_Exp1",22,"Female","4","2023-12-06_20h08.28.888"
"272","Qi_2025_SciData_Exp1",25,"Female","9","2023-12-06_14h07.23.645"
"273","Qi_2025_SciData_Exp1",21,"Female","4","2023-12-07_14h36.50.227"
"274","Qi_2025_SciData_Exp1",25,"Female","11","2023-12-12_13h50.54.363"
"275","Qi_2025_SciData_Exp1",24,"Female","6","2023-12-08_14h48.54.858"
"276","Qi_2025_SciData_Exp1",23,"Female","2","2023-12-09_19h49.22.757"
"277","Qi_2025_SciData_Exp1",21,"Female","1","2023-12-09_19h56.36.489"
