"Subject_ID","Exp_id","Age","Gender","Handedness","Ethnicity","Employment_Status","Country","First_Language","Education"
"7302","Hu_2020_CollabraPsy_Exp1","22","Female","R","/","/","/","/","/"
"7303","Hu_2020_CollabraPsy_Exp1","28","Male","R","/","/","/","/","/"
"7304","Hu_2020_CollabraPsy_Exp1","25","Female","R","/","/","/","/","/"
"7305","Hu_2020_CollabraPsy_Exp1","18","Male","R","/","/","/","/","/"
"7306","Hu_2020_CollabraPsy_Exp1","21","Male","R","/","/","/","/","/"
"7307","Hu_2020_CollabraPsy_Exp1","22","Female","R","/","/","/","/","/"
"7308","Hu_2020_CollabraPsy_Exp1","20","Female","R","/","/","/","/","/"
"7309","Hu_2020_CollabraPsy_Exp1","26","Male","R","/","/","/","/","/"
"7310","Hu_2020_CollabraPsy_Exp1","21","Female","R","/","/","/","/","/"
"7311","Hu_2020_CollabraPsy_Exp1","20","Female","R","/","/","/","/","/"
"7312","Hu_2020_CollabraPsy_Exp1","21","Female","R","/","/","/","/","/"
"7313","Hu_2020_CollabraPsy_Exp1","20","Female","R","/","/","/","/","/"
"7314","Hu_2020_CollabraPsy_Exp1","19","Female","R","/","/","/","/","/"
"7315","Hu_2020_CollabraPsy_Exp1","20","Female","R","/","/","/","/","/"
"7316","Hu_2020_CollabraPsy_Exp1","21","Female","R","/","/","/","/","/"
"7317","Hu_2020_CollabraPsy_Exp1","24","Female","R","/","/","/","/","/"
"7318","Hu_2020_CollabraPsy_Exp1","25","Female","R","/","/","/","/","/"
"7319","Hu_2020_CollabraPsy_Exp1","19","Male","R","/","/","/","/","/"
"7320","Hu_2020_CollabraPsy_Exp1","19","Male","L","/","/","/","/","/"
"7321","Hu_2020_CollabraPsy_Exp1","18","Female","R","/","/","/","/","/"
"7322","Hu_2020_CollabraPsy_Exp1","18","Male","R","/","/","/","/","/"
"7323","Hu_2020_CollabraPsy_Exp1","20","Male","R","/","/","/","/","/"
"7324","Hu_2020_CollabraPsy_Exp1","19","Female","R","/","/","/","/","/"
"7325","Hu_2020_CollabraPsy_Exp1","21","Male","R","/","/","/","/","/"
"7326","Hu_2020_CollabraPsy_Exp1","20","Male","R","/","/","/","/","/"
"7327","Hu_2020_CollabraPsy_Exp1","19","Female","R","/","/","/","/","/"
"7328","Hu_2020_CollabraPsy_Exp1","20","Male","R","/","/","/","/","/"
"7329","Hu_2020_CollabraPsy_Exp1","27","Male","R","/","/","/","/","/"
"7331","Hu_2020_CollabraPsy_Exp1","19","Male","R","/","/","/","/","/"
"7332","Hu_2020_CollabraPsy_Exp1","20","Female","R","/","/","/","/","/"
"7333","Hu_2020_CollabraPsy_Exp1","24","Female","R","/","/","/","/","/"
"7334","Hu_2020_CollabraPsy_Exp1","25","Female","R","/","/","/","/","/"
"7335","Hu_2020_CollabraPsy_Exp1","20","Female","R","/","/","/","/","/"
"7336","Hu_2020_CollabraPsy_Exp1","19","Female","R","/","/","/","/","/"
"7337","Hu_2020_CollabraPsy_Exp1","22","Male","R","/","/","/","/","/"
"73370","Hu_2020_CollabraPsy_Exp1","18","Female","R","/","/","/","/","/"
"7338","Hu_2020_CollabraPsy_Exp1","20","Female","R","/","/","/","/","/"
"7339","Hu_2020_CollabraPsy_Exp1","18","Male","R","/","/","/","/","/"
"7340","Hu_2020_CollabraPsy_Exp1","21","Female","R","/","/","/","/","/"
"7341","Hu_2020_CollabraPsy_Exp1","24","Male","R","/","/","/","/","/"
"7342","Hu_2020_CollabraPsy_Exp1","18","Female","R","/","/","/","/","/"
"7343","Hu_2020_CollabraPsy_Exp1","20","Female","R","/","/","/","/","/"
"7344","Hu_2020_CollabraPsy_Exp1","20","Female","R","/","/","/","/","/"
"7345","Hu_2020_CollabraPsy_Exp1","19","Male","R","/","/","/","/","/"
